"","X","words","a","b","g","u","STRING","LEN","FREQ","Orth","Orth_F","N1_F","N1_C","N2_F","N2_C","N3_F","N3_C","UN1_F","UN1_C","UN2_F","UN2_C","UN3_F","UN3_C"
"1",1,"play",1,-3.73903909949762,0.5,1,"play",4,268.074,6,24.32,10051.06,158.5,781.22,19.33,329.47,3,177536.15,24131,10736.97,1808.67,2048.45,298.5
"2",2,"hu",1,-3.14156116380292,0.5,1,"hu",2,NA,11,832.59,4579.22,5.5,0,0,NA,NA,181304.66,15439,2374.12,486,NA,NA
"3",3,"time",1,-2.96851944728685,0.5,1,"time",4,1770.21,10,5.6,24790.78,235.75,3582,18.33,1777.91,3,330404.94,41208,23338.23,4191,3055.73,222.5
"4",4,"him",1,-2.8455559530415,0.5,1,"him",3,2617.38,14,438.35,12643.44,55.33,5678.31,6.5,2617.38,1,217616.5,25177.67,20303.71,1741,3196.9,52
"5",5,"we",1,-2.7750742513431,0.5,1,"we",2,3317.08,11,1608.93,12166.18,6.5,3317.08,1,NA,NA,306803.05,34206.5,14486.49,789,NA,NA
"6",6,"plays",1,-2.76722709769059,0.5,1,"plays",5,41.7639,5,14.24,7024.83,550,748.95,37.5,329.29,10.67,194774.29,29478.8,8898.17,1473.75,1994.18,252.33
"7",7,"people",1,-2.75848192446225,0.5,1,"people",6,1317.05,0,0,8947.96,631,2156.06,72.8,1402.09,5.5,282148.41,37010.33,11804.21,2247.2,1829.27,97.25
"8",8,"ap",1,-2.74812484300023,0.5,1,"ap",2,NA,17,1132.36,9625.07,8.5,0,0,NA,NA,230178.32,29055,5990.98,1452,NA,NA
"9",9,"open",1,-2.73474702234906,0.5,1,"open",4,304.484,3,8.03,11323.22,108.75,3269.84,9.67,304.48,1,302426.67,37975.75,22083.27,3396.33,2037.18,285.5
"10",10,"uoy",1,-2.6540313628052,0.5,1,"uoy",3,NA,6,49.45,11572.75,59,148.35,3,0,0,173593.15,20286.33,791.7,213.5,7.32,9
"11",11,"khtna",1,-2.64532458318596,0.5,1,"khtna",5,NA,0,0,7196.72,189.4,25,4.25,0,0,267305.54,27293.8,3552.64,742.5,20.78,4.67
"12",12,"miss",1,-2.61230797958968,0.5,1,"miss",4,241.481,8,24.25,13923.98,274,998.49,22.33,266.05,3,233899.7,41219,18342.15,3497.67,1207.29,406
"13",13,"et",1,-2.6103310817184,0.5,1,"et",2,NA,15,1103.9,8279.23,7.5,0,0,NA,NA,456737.32,50848,13927.55,2447,NA,NA
"14",14,"moon",1,-2.60143925971745,0.5,1,"moon",4,54.7928,13,31.69,16041.88,224.5,3092.77,36,257.9,6,258922.33,30065,23132.03,3345,465.98,135
"15",15,"black",1,-2.56045265453626,0.5,1,"black",5,346.307,5,12.68,6487.72,303.4,1343.6,52.5,594.45,10.33,153179.78,21906.2,10412.52,2390,1725.69,335.33
"16",16,"ypla",1,-2.52851593857666,0.5,1,"ypla",4,NA,0,0,3890.02,77.25,1.07,1.67,0,0,177536.15,24131,7674.41,1658.33,1516.5,218.5
"17",17,"os",1,-2.49756646790343,0.5,1,"os",2,NA,14,4245.57,29718.99,7,0,0,NA,NA,293426.4,42091,8846.27,1638,NA,NA
"18",18,"fror",1,-2.45889718350229,0.5,1,"fror",4,NA,2,2116.57,8752.9,121.5,3185.24,10.33,2116.57,1,225940.03,29974.25,22154.41,2798.33,2451.37,86
"19",19,"look",1,-2.37678479487921,0.5,1,"look",4,557.923,12,70.84,13233.58,233,2786.86,35.33,972.56,6.5,211856.95,25262.25,9151.39,1474,2497.24,187.5
"20",20,"om",1,-2.30676865180142,0.5,1,"om",2,NA,14,3025.07,21175.51,7,0,0,NA,NA,212922.57,24029,18694.76,1876,NA,NA
"21",21,"left",1,-2.28637708858591,0.5,1,"left",4,567.561,7,9.83,15591.09,192.75,902.82,15.33,568.93,2.5,294587.1,34727.75,11659.92,2195.67,596.18,33.5
"22",22,"plane",1,-2.27828340674899,0.5,1,"plane",5,46.0474,6,121.43,10136.15,410.2,1154.37,53,389.32,12,287680.1,37964.4,27488.37,3694,1900,381.33
"23",23,"candy",1,-2.27629872510584,0.5,1,"candy",5,6.72268,7,4.03,5620.38,442.8,668.71,57,146.17,10.33,206259.82,26730,31927.98,2982.25,11975.33,391.67
"24",24,"become",1,-2.21360787286342,0.5,1,"become",6,392.057,1,279.85,7317.45,528.17,1426.36,40.8,621.36,4,275226.71,34704.83,20246.61,2461.2,4189.49,332
"25",25,"more",1,-2.16300118436895,0.5,1,"more",4,2427.66,20,19.84,21742.86,295.25,5522.53,39.33,2501.1,6.5,297507.82,37722.75,35510.03,4303,4047.56,322
"26",26,"fafever",1,-2.12332105081287,0.5,1,"fafever",7,NA,0,0,5596.7,1024.14,1018.46,163.83,206.19,5,271150.44,32794.14,19869.16,2796.33,3461.43,286.2
"27",27,"library",1,-2.09089770287974,0.5,1,"library",7,50.6878,0,0,4191.15,672.14,496.05,75,91.51,8.2,212728.23,31142.71,14059.7,2899.33,585.17,142.4
"28",28,"wood",1,-2.08601635528891,0.5,1,"wood",4,66.8104,11,131.96,18422.01,228.5,2354.92,30.67,687.32,5,226246.18,23186.25,8607.57,1021.33,1296.61,169
"29",29,"tried",1,-2.08023096257732,0.5,1,"tried",5,215.066,8,14.52,13746.16,493.6,1586.39,106.5,363.54,14.67,325642.67,42125.4,20760.49,4757.5,2258.33,521.33
"30",30,"ot",1,-2.06976114533163,0.5,1,"ot",2,NA,20,2904.34,29043.4,10,0,0,NA,NA,357657.21,35767,15591.74,1587,NA,NA
"31",31,"cok",1,-2.0666328232987,0.5,1,"cok",3,NA,13,6.09,10014.74,55.67,39.59,6.5,0,0,156967.2,20339.33,12578.26,2216.5,6.6,8
"32",32,"complete",1,-2.03519328279028,0.5,1,"complete",8,99.2934,0,0,3709.31,946.5,688.99,152,210.61,23,278232.62,35179,18425.33,3436,2459.76,359.17
"33",33,"ujst",1,-2.02997720329489,0.5,1,"ujst",4,NA,0,0,9767.95,102.75,2040.24,14.33,0,0,194825.52,27160.5,11207.03,2200,0,0
"34",34,"asca",1,-2.02303907804512,0.5,1,"asca",4,NA,1,27.31,2753.46,69.75,26.51,3,0,0,285981.68,39316.25,17375.68,2519.33,322.75,186
"35",35,"from",1,-2.0059739500191,0.5,1,"from",4,4229.52,2,1.93,9275.84,122.75,4635.42,12,4231.45,2,190894.84,23821,15914.85,2034.33,4688.21,139
"36",36,"inni",1,-1.99612879705782,0.5,1,"inni",4,NA,1,2.14,4606.25,81.25,685.59,3.33,1.07,0.5,296072.09,43640,30440.02,5378.33,607.87,151.5
"37",37,"them",1,-1.98876480730081,0.5,1,"them",4,2305.28,7,937.83,24886.27,138.25,13599.42,14.33,5587.55,4,315224.54,32209.75,84955.59,2144,44210.14,342
"38",38,"round",1,-1.97140350918502,0.5,1,"round",5,322.51,7,112.76,10897.17,380.8,3128.81,48,1062.88,9.33,227412.38,30244.8,30565.21,3014.5,4594.58,514
"39",39,"peace",1,-1.95463402226432,0.5,1,"peace",5,90.7265,3,184.55,10633.42,428.6,1989.63,53.25,413.42,7.67,323913.65,41537.4,17907.74,2581,1742.88,180.33
"40",40,"sun",1,-1.94013981637983,0.5,1,"sun",3,155.217,17,34.55,8546.83,61.33,352.29,7.5,155.22,1,222783.33,36080.33,10823.43,1935,377.07,97
"41",41,"spu",1,-1.93599829081564,0.5,1,"spu",3,NA,3,3.39,4954.7,24.33,4.91,1,0,0,153402.7,28526,4464.42,1064.5,75.38,47
"42",42,"come",1,-1.92052796126019,0.5,1,"come",4,845.987,16,200.29,18482.25,273.25,3923.41,31.33,2049.4,5,265942.64,33540.25,22448.34,2909.67,6345.91,524
"43",43,"orn",1,-1.90310118065317,0.5,1,"orn",3,NA,5,185.5,7099.31,37.67,3.24,2,0,0,284248.04,37187,21143.73,2461.5,813.98,193
"44",44,"morning",1,-1.86860868331411,0.5,1,"morning",7,305.257,2,2.92,8787.21,1212.71,3620.48,425,2160.99,218.8,233088.7,32897.14,29896.91,5000.67,7505.13,1628.4
"45",45,"through",1,-1.85019466110768,0.5,1,"through",7,956.346,0,0,3960.19,439.43,1183.65,34,972.23,7,235648.79,24408.71,34711.28,1756.5,3336.75,221.6
"46",46,"tfaer",1,-1.84509430243048,0.5,1,"tfaer",5,NA,0,0,11729.74,415.2,1843.47,46.75,0,0,326597.84,38161,17921.16,3016.5,13.31,17.67
"47",47,"mun",1,-1.83594781315051,0.5,1,"mun",3,NA,17,133.31,6883.25,55,280.42,7,0,0,169114.11,24039,8389.28,1575,403.54,80
"48",48,"daople",1,-1.83348726950685,0.5,1,"daople",6,NA,1,0.24,7944.38,648.5,1567.59,69.4,743.21,4.75,273536.85,34237.67,9402.2,1796.4,1154.68,85
"49",49,"great",1,-1.82314424706708,0.5,1,"great",5,639.726,3,15.27,8767.35,305.4,1607.14,45.5,912.1,9.67,324433.67,39926.2,33401.86,4619.25,4254.43,431.33
"50",50,"utashing",1,-1.81598071868811,0.5,1,"utashing",8,NA,1,0,4051.46,1033,1730.09,422.43,1015.43,229.5,259557.82,33228.25,31976.2,4639.86,6372.15,1428.67
"51",51,"inside",1,-1.81105574047196,0.5,1,"inside",6,189.187,1,0,5731.84,461.17,634.51,42.4,280.97,7.5,308166,45199.33,27903.27,4956.2,2668.21,378.25
"52",52,"sick",1,-1.80582529275315,0.5,1,"sick",4,70.6179,15,12.93,11996.14,200,1099.7,28.33,127.55,6,179232.1,31741.5,13078.67,2707.67,992.04,267.5
"53",53,"farmer",1,-1.80480468394502,0.5,1,"farmer",6,32.5425,4,23.98,9358.88,974.17,2235.8,201.4,155.74,13,264403.31,34448,27102.65,4051.2,1035.43,199.25
"54",54,"without",1,-1.79322546989123,0.5,1,"without",7,595.76,0,0,4289.33,534.14,979.19,55.83,625.08,9.4,266836.87,27709,42902.27,2175.5,6647.61,244.4
"55",55,"hot",1,-1.75558034039146,0.5,1,"hot",3,143.378,19,390.3,22922.38,77.33,3766.43,9,143.38,1,320006.26,27977,18063.43,1757.5,549.36,105
"56",56,"will",1,-1.75481473194352,0.5,1,"will",4,2105.87,17,96.28,16600.78,191.25,6173.81,38.33,2328.16,8.5,184456.21,28006.25,16563.03,2125,3844.84,319
"57",57,"understand",1,-1.74252610909463,0.5,1,"understand",10,188.949,0,0,2339.42,681.4,583.71,107.56,288.82,32.88,282604.87,37243.3,35293.35,4667,7574.72,886
"58",58,"best",1,-1.73409522480316,0.5,1,"best",4,345.772,15,42.99,17453.67,223.5,3668.62,29.33,604.65,5.5,310876.24,40790,30419.08,6641.67,2910.71,905
"59",59,"loms",1,-1.72890732671845,0.5,1,"loms",4,NA,12,9.87,13459.51,305.25,2004.45,28.33,0.71,2,214902.86,32069,11544.69,1629.67,136.8,63
"60",60,"number",1,-1.71918356776488,0.5,1,"number",6,302.283,4,1.03,7006.33,760.5,1759.28,162.6,384.01,14.75,222971.99,30924,18973.11,3002.4,1101.73,208
"61",61,"chance",1,-1.71742494298829,0.5,1,"chance",6,147.483,2,133.5,6292.68,515.83,1020.78,69.4,444.05,17.25,277961.26,33650.33,29961.14,2983,4128.49,577.75
"62",62,"light",1,-1.70147005254997,0.5,1,"light",5,298.535,9,251.96,6473.75,241.8,2249.44,23.5,1841.78,8.33,239274.35,29010,11176.79,1916,4202.49,420.33
"63",63,"faster",1,-1.70095126904216,0.5,1,"faster",6,35.9931,12,8.27,9508.89,980.67,2608.09,233.4,621.61,45.75,316119.33,40279.17,34150.22,5694.4,4312.27,954.25
"64",64,"yos",1,-1.68764048004557,0.5,1,"yos",3,NA,9,747.24,18576.92,55.67,3170.37,4,0,0,222200.43,31082.67,9145.94,872.5,1.07,1
"65",65,"almost",1,-1.67572080182429,0.5,1,"almost",6,481.177,0,0,4770.02,364.33,913.32,37.6,487.74,3.5,272263.37,34730.17,17227.8,2972.8,1464.74,129.25
"66",66,"wews",1,-1.67395887611947,0.5,1,"wews",4,NA,12,16.21,15234.23,248.75,2147.27,19.33,96.23,3.5,242413.21,31055.5,6553.94,526.33,209.35,40.5
"67",67,"chigshen",1,-1.66512090818506,0.5,1,"chigshen",8,NA,0,0,3766.96,854.88,625.05,97.14,147.04,13.67,258402.33,33217.5,33339.03,2551,2304.55,211.5
"68",68,"sobsaller",1,-1.65966252021684,0.5,1,"sobsaller",9,NA,0,0,2785.99,902.33,324.23,100.25,21.37,11.43,266992.06,38784.22,21399.97,3503.88,2002.07,378
"69",69,"ef",1,-1.6525096366627,0.5,1,"ef",2,NA,7,4728.65,16550.28,3.5,0,0,NA,NA,308060.24,35670.5,4674.7,809,NA,NA
"70",70,"che",1,-1.65007073414051,0.5,1,"che",3,NA,4,16431.17,49872.23,36.67,32859.39,1.5,0,0,294209.93,32833.33,67480.92,2769.5,2439.8,742
"71",71,"jixel",1,-1.64875492502882,0.5,1,"jixel",5,NA,0,0,6645.42,352.4,242.49,25,37.46,3,201887.93,28753.6,4587.93,818.25,38.81,10.33
"72",72,"watch",1,-1.64755145410079,0.5,1,"watch",5,110.597,8,22.42,8513.32,311,1819.15,52,403.74,11.33,245526.46,24014,21160.59,2890.25,945.26,232.33
"73",73,"insows",1,-1.62867514472738,0.5,1,"insows",6,NA,0,0,4403.68,547.33,316.97,30.2,76.82,5.75,255840.62,37878.5,24023.3,3817.4,859.79,202.25
"74",74,"natural",1,-1.61038604264208,0.5,1,"natural",7,163.665,0,0,3843.05,564,787.76,69.17,350.4,8.8,281901.67,35438,20861.13,3891.5,1983.01,355
"75",75,"back",1,-1.60527617849141,0.5,1,"back",4,1235.84,16,22.16,12493.28,226.75,2378.72,36.33,1335.52,5.5,148964.86,20045.75,8339.06,1853,2228.36,387
"76",76,"cibsus",1,-1.60432045696531,0.5,1,"cibsus",6,NA,0,0,4864.99,701.33,109.4,23.6,4.09,1.5,188954.55,33639,7055.47,1337.6,77.61,22.25
"77",77,"answer",1,-1.58269652488628,0.5,1,"answer",6,162.118,0,0,7469.19,735,1702.56,143.4,181.87,3.5,298121.9,39902.5,31457.38,4302.4,1861.81,232.25
"78",78,"guoys",1,-1.57449291341012,0.5,1,"guoys",5,NA,1,0.36,6492.68,520.6,82.13,14,1.03,1.33,173703.94,25684.4,1817.25,389.25,77.04,25.33
"79",79,"give",1,-1.56881621430857,0.5,1,"give",4,465.947,8,101.73,17107.14,208.75,2764.27,15,724.53,4,237964.38,33548,13571.33,1837,3276.39,486
"80",80,"imeyits",1,-1.56505304413307,0.5,1,"imeyits",7,NA,0,0,5373.65,1022.57,449.8,87.67,22.24,7.6,281503.01,39022.57,15717.92,1843.5,1090.9,82.8
"81",81,"garden",1,-1.54083311308486,0.5,1,"garden",6,114.107,2,3.69,8554.45,921.67,992.95,118,279.56,15.5,280518.49,36913.5,21887.54,3459.6,1783.88,333.25
"82",82,"imagine",1,-1.52892296652264,0.5,1,"imagine",7,81.862,1,0.36,6738.47,950,1807.76,232.17,200.55,26.6,283909.9,38923.71,23523.76,3971.33,1539.35,402.8
"83",83,"long",1,-1.52709818228967,0.5,1,"long",4,780.604,8,7.16,11458.24,227.25,1848.72,33.33,801.34,3.5,215974.28,29560.75,32228.51,5762.67,2427.93,222
"84",84,"building",1,-1.51013540410854,0.5,1,"building",8,160.333,0,0,4394.39,1135.38,1977.45,422.14,1174.51,221.17,187780.55,28996,23665.26,4116.57,5970.97,1307.67
"85",85,"however",1,-1.50922649039373,0.5,1,"however",7,435.546,0,0,5890.16,965.71,1222.17,170.5,474.79,7.2,283822.06,31798.57,25269.6,3091.83,4328.85,331.2
"86",86,"phlere",1,-1.50323200085312,0.5,1,"phlere",6,NA,0,0,6734.96,534.83,782.79,57.8,17.42,3.75,296465.41,37379.83,30388.68,4973.6,3345.87,324.5
"87",87,"slellen",1,-1.49440342125156,0.5,1,"slellen",7,NA,0,0,6023.68,1067.86,619.97,143.67,48.27,13,300447.98,43536,23273.31,4004.67,1430.33,306
"88",88,"money",1,-1.48631260522489,0.5,1,"money",5,386.524,2,10.53,10209.13,557.8,796.76,52,461.37,7.33,262719.6,31897.6,22116.93,3265.25,3088.92,333
"89",89,"arm",1,-1.4832762909488,0.5,1,"arm",3,111.132,5,894.28,15938.57,37.33,2326.11,3,111.13,1,242466.47,31996,18588.57,2862.5,1176.65,220
"90",90,"spy",1,-1.47093734712007,0.5,1,"spy",3,8.32899,7,123.17,5230.05,37.67,9.07,1.5,8.33,1,140683.87,25387.67,3018.81,766.5,12.73,8
"91",91,"street",1,-1.46171155537362,0.5,1,"street",6,261.768,0,0,9622.83,918.67,1218.66,82.4,471.75,13.75,388929.34,48936.83,26547.12,4117.6,2509.84,422
"92",92,"ip",1,-1.45184140570859,0.5,1,"ip",2,NA,15,2929.42,21970.64,7.5,0,0,NA,NA,192001.15,32308.5,2162.8,906,NA,NA
"93",93,"twew",1,-1.45048897532322,0.5,1,"twew",4,NA,2,0.09,15418.14,115.75,318.42,10.67,0,0.5,274528.62,27893.5,7068.23,507.67,494.8,21.5
"94",94,"ge",1,-1.44075688234591,0.5,1,"ge",2,NA,12,1832.43,10994.59,6,0,0,NA,NA,302649.83,40083.5,12317.43,1988,NA,NA
"95",95,"once",1,-1.41618937618876,0.5,1,"once",4,578.746,0,0,13273.77,140.75,1502.51,8,578.75,1,311942.4,39576.25,25375.52,3822,4085.75,547
"96",96,"dag",1,-1.39692560063715,0.5,1,"dag",3,NA,19,53.08,11187.76,74,450.93,8,0,0,210735.54,26586,5595.83,1120.5,23.98,31
"97",97,"lame",1,-1.38084009642298,0.5,1,"lame",4,4.46196,19,112.85,20307.95,275.25,3499.7,30.67,923.21,6.5,293956.29,37362.75,16572.08,2621.67,1795.16,233
"98",98,"hencory",1,-1.37011707916228,0.5,1,"hencory",7,NA,0,0,5844.94,777.43,743.22,90.67,62.94,6.8,259303.2,31303.86,39889.94,3363,2121.49,296.8
"99",99,"pickle",1,-1.36694614699221,0.5,1,"pickle",6,2.73667,4,1.52,7083.54,560,1067.85,94,99.69,16,203850.59,30857.5,11074.83,2559,618.92,224
"100",100,"mot",1,-1.36197116048437,0.5,1,"mot",3,NA,20,321.71,16549.84,76,3136.28,9,0,0,272677.86,28760,13623.01,1579.5,1021.37,142
"101",101,"cuppom",1,-1.35960455297573,0.5,1,"cuppom",6,NA,0,0,3358.12,378.33,170.21,33.8,31.4,4.25,136256.99,20270.33,8500.48,1283.2,535.52,75.25
"102",102,"animal",1,-1.35761959374093,0.5,1,"animal",6,119.164,0,0,3448.34,348.33,666.27,46.6,161.52,3.75,271410.58,35856.67,26406.13,3473.2,1095.1,228
"103",103,"hammer",1,-1.35031050309236,0.5,1,"hammer",6,11.8986,3,0.97,8354.28,886,1927.63,181.2,122.75,14.5,266018.19,31100.83,28332.56,3583.6,736.76,202.5
"104",104,"history",1,-1.34147354569246,0.5,1,"history",7,184.19,0,0,5482.58,761.71,965.26,105.33,290.66,16,264545.72,33088,30278.92,3423.83,4169.57,587.8
"105",105,"oban",1,-1.33075685142073,0.5,1,"oban",4,NA,1,0.65,10590.5,108.25,733.62,8.33,0,0,264482,31169.75,24152.72,2591.33,553.61,125
"106",106,"clomify",1,-1.31635527862383,0.5,1,"clomify",7,NA,0,0,5509.79,798.14,297.78,64.33,71.47,13,170361.8,23622.57,8793.66,1441.67,456.76,132.6
"107",107,"dood",1,-1.26862655312594,0.5,1,"dood",4,NA,8,204.26,13667.2,234.5,2781.35,33.33,817.04,4,244769.4,27247,8021.31,1159,1410.36,147
"108",108,"nuder",1,-1.26008522575915,0.5,1,"nuder",5,NA,2,0.8,7598.4,373.2,2228.7,66.5,336.47,6.33,267044.42,36277.2,22736.06,4078.5,1630.84,382.67
"109",109,"guess",1,-1.25312792096916,0.5,1,"guess",5,60.2662,1,25.46,8838.28,543.8,765.09,21.5,163.8,4.33,250131.65,40077.6,13416,4165,2532.21,875
"110",110,"waay",1,-1.25159571021376,0.5,1,"waay",4,NA,3,3.75,21917.68,237.5,902.17,17.67,0,0,233907.27,24442.75,9847.72,569.67,0,0
"111",111,"benon",1,-1.24232232303292,0.5,1,"benon",5,NA,4,0.28,5354.55,322.4,699.35,41.5,13.15,4,296830.41,37032,32592.69,3932.5,457.4,106.67
"112",112,"pretty",1,-1.22215473705723,0.5,1,"pretty",6,107.265,0,0,5145.11,535,497.91,53.8,125.13,7.25,284481.3,34095,18942.58,2804.4,1656.71,384
"113",113,"into",1,-1.20870173497745,0.5,1,"into",4,2006.57,3,24.57,5974.3,63.25,2098.68,6.33,2043.25,2,326864.65,39703.5,49354.55,6607,3883.06,490
"114",114,"rebosks",1,-1.18025827036017,0.5,1,"rebosks",7,NA,0,0,4907.17,885.71,424.88,67.33,3.91,3.2,244600.8,36222.29,13047.22,1948.5,79.34,55.8
"115",115,"brought",1,-1.16015381833882,0.5,1,"brought",7,254.629,2,5.12,4264.88,492,1297.08,63,788.84,14.8,210162.95,24151.14,14839.12,1616.83,4000.9,289.6
"116",116,"losh",1,-1.15252310944917,0.5,1,"losh",4,NA,13,30.42,14307.41,209.5,1705.68,32.67,192.43,5,250399.16,31481.75,11916.91,2121,581.24,82
"117",117,"question",1,-1.15014129593373,0.5,1,"question",8,238.685,0,0,3701.74,849.12,1009.01,139.29,581.99,41.33,276798.49,36591.62,24807.14,5585.43,6226.06,1442.5
"118",118,"unger",1,-1.11996223269714,0.5,1,"unger",5,NA,2,312.55,7734.2,298,2294.34,60.5,60.07,3.67,250564.55,35379.4,31806.4,5888.75,1679.56,310
"119",119,"ggnoi",1,-1.10849144025907,0.5,1,"ggnoi",5,NA,0,0,2123.5,163.4,18.46,3.25,0,0,216659.42,30795.6,5767.88,716.25,86.7,34.33
"120",120,"alk",1,-1.1007935069401,0.5,1,"alk",3,NA,9,414.97,14641.35,23.67,1757.74,3,0,0,194318.72,25436,16197.94,2542,978.12,93
"121",121,"fawerty",1,-1.09501179739725,0.5,1,"fawerty",7,NA,0,0,4246.18,659.14,642.06,57.67,48.38,4,257865.37,29258.57,17355.02,2575.5,1447.71,119
"122",122,"tascer",1,-1.0937703132313,0.5,1,"tascer",6,NA,1,0.48,8656.38,932.83,1796.71,178.6,31.53,5.25,319753.49,42739.5,27018.32,4151,524.95,162.75
"123",123,"wirtoul",1,-1.08950810333937,0.5,1,"wirtoul",7,NA,0,0,5240.62,653.14,658.95,70,5.6,3.2,234843.53,30293,21146.15,1852.33,1418.94,80.2
"124",124,"business",1,-1.08844105382327,0.5,1,"business",8,237.733,1,0.59,3815.59,1210.5,737.06,198,393.32,71.83,261102.41,41554.88,27146.64,5525.57,2780.42,1014.83
"125",125,"reverse",1,-1.07714886378638,0.5,1,"reverse",7,24.273,1,1.31,5883.22,676.14,1147.6,103.5,217.61,18,336359.59,46520.71,33614.45,4797.5,5293.48,863
"126",126,"mystery",1,-1.07642448746146,0.5,1,"mystery",7,24.63,1,5.18,5338.99,747.57,1080.39,177.33,297.39,42.2,240331.08,32114.71,24537.7,4428.5,3493.45,678.4
"127",127,"brush",1,-1.07330009403811,0.5,1,"brush",5,18.3833,3,4.62,7419.9,283.2,654.2,37,57.47,5.67,187107.91,26340.2,9407.74,1773.5,436.18,146
"128",128,"begin",1,-1.07068930463875,0.5,1,"begin",5,120.175,4,110.83,6354.44,282,1009.52,29.5,268.59,4.33,252749.47,35608.2,27164.09,4055.75,1044,172
"129",129,"agreed",1,-1.05809565730433,0.5,1,"agreed",6,100.543,1,6.96,9473.15,889.5,2275.97,210,255.42,6.5,319613.15,41010.83,24988.43,3702.4,1783.31,206.5
"130",130,"fasees",1,-1.04861757117214,0.5,1,"fasees",6,NA,0,0,10048.32,1204.67,1328.2,159.8,15.66,6.5,341106.77,46406.33,23615.65,4027.2,1263.57,126.5
"131",131,"de",1,-1.04461280029841,0.5,1,"de",2,NA,13,1777,11550.49,6.5,0,0,NA,NA,343849.5,42328,21065.01,4210,NA,NA
"132",132,"cag",1,-1.03596273800033,0.5,1,"cag",3,NA,21,114.5,11270.87,74.67,1201.7,10,0,0,194144.35,27068.33,11036.03,2334,20.64,11
"133",133,"truck",1,-1.02923522662575,0.5,1,"truck",5,25.7604,4,22.22,8628.03,258,768.08,39,131.86,6.33,180153.79,24753.6,6846.41,1635.25,767.97,200.33
"134",134,"waves",1,-1.02506725903664,0.5,1,"waves",5,35.2197,19,8.15,11796.13,714,1903.81,123.5,188.77,17,260049.03,33360.2,23199.38,4132.25,2686.63,232.67
"135",135,"piscil",1,-1.00159552362525,0.5,1,"piscil",6,NA,1,0,3959.42,430.17,242.72,38,12.51,3.75,206638.97,35975.67,12746.18,2427.4,421.27,151.75
"136",136,"duttery",1,-0.971260909392027,0.5,1,"duttery",7,NA,1,1.43,6151,882.57,1106.29,192.5,248.28,46.8,273232.75,32572.29,22273.56,3809,3279.23,625.8
"137",137,"destrifs",1,-0.964897512468039,0.5,1,"destrifs",8,NA,0,0,4820.15,1356.62,564.66,139.14,90.76,22.83,281312.66,40029.25,18597.4,4544.71,2290.89,655.5
"138",138,"beeltisul",1,-0.955036469122616,0.5,1,"beeltisul",9,NA,0,0,2391.5,659.33,294.7,62.5,4.93,3.57,280911.23,39133.44,17944.28,2843.75,877.59,104.71
"139",139,"describe",1,-0.953564281717111,0.5,1,"describe",8,36.4096,0,0,4280.69,998.12,446.6,105.86,65.49,11,275497.58,39996.5,15657.24,3786,881.81,280
"140",140,"brubs",1,-0.927050585372208,0.5,1,"brubs",5,NA,2,0.71,7497.58,525,434.55,34.25,20.54,4.33,151427.74,25979.6,2816.77,800.75,207.53,76
"141",141,"besime",1,-0.923591593743389,0.5,1,"besime",6,NA,1,95.01,8112.97,639.17,1138.87,47,99.43,4.25,296791.31,41924.67,22260,4065,1328.28,162
"142",142,"cowbim",1,-0.91326487954828,0.5,1,"cowbim",6,NA,0,0,3696.47,415.83,458.58,51,4.13,2.75,167755.63,22435,9877.53,1576.6,23.37,25.5
"143",143,"hus",1,-0.912654593687442,0.5,1,"hus",3,NA,15,535.05,18366.25,47,59.34,5.5,0,0,208778.72,27249.33,9248.78,1555,441.5,58
"144",144,"idthepiates",1,-0.880302099889143,0.5,1,"idthepiates",11,NA,0,0,1012.22,631.09,148.3,142.2,35.28,42.78,324818.35,40248.27,38438.91,3756.2,10678.66,519.44
"145",145,"famous",1,-0.876862286842124,0.5,1,"famous",6,79.2444,0,0,6272.66,757.17,738.76,51.6,178.78,5.25,214015.26,27859.83,16601.75,1935.2,1524.64,393.5
"146",146,"alipol",1,-0.860270150906114,0.5,1,"alipol",6,NA,0,0,3819,352.83,395.6,28.2,2.54,1.75,238164.59,33084.67,14687.31,2928.8,892.05,328.75
"147",147,"thantboard",1,-0.856892427283194,0.5,1,"thantboard",10,NA,0,0,1021.82,453.1,136.38,49.78,11.11,9.62,287810.23,31594.4,34092.53,2483.56,3173.94,304.25
"148",148,"hect",1,-0.814093417311613,0.5,1,"hect",4,NA,3,41.63,17177.37,198.5,988.14,13.33,2.14,1,318704.56,34180.5,46503.29,2190,2276.91,369.5
"149",149,"sildal",1,-0.79233196500229,0.5,1,"sildal",6,NA,0,0,5008.71,535,637.42,57.2,41.9,4.75,242904.15,36836.83,15484.24,2296.6,604.65,73.75
"150",150,"nied",1,-0.779371028431757,0.5,1,"nied",4,NA,7,90.42,15479.29,189,708.12,22.67,88.02,3,319960.8,42984,20017.71,4507.33,937.81,190
"151",151,"compliment",1,-0.765847470513476,0.5,1,"compliment",10,7.19862,1,4.88,2129.08,698,825.09,132.89,464.73,47,239943.81,31998.4,20781.02,3174.11,4318.69,630.25
"152",152,"cotosks",1,-0.70651856321139,0.5,1,"cotosks",7,NA,0,0,5396.62,982.43,626.08,74.83,6.65,1.4,244809.95,33470.29,14775.93,1761.33,116.15,59.6
"153",153,"pencil",1,-0.68927568547572,0.5,1,"pencil",6,16.658,0,0,5142.06,489,601.77,48.6,20.2,3.5,246447.57,36493,18339.01,3044.8,1596.53,331.25
"154",154,"purchase",1,-0.680325456419107,0.5,1,"purchase",8,20.4655,0,0,3197.91,810.25,310.68,71,63.24,8.67,245939.77,33165,20023.97,2075.57,1398.11,207
"155",155,"lant",1,-0.679664889892691,0.5,1,"lant",4,NA,11,141.74,18827.76,277.75,2264.33,39.67,453.45,4,307681.61,37085.75,35934.84,4638.33,3095.85,740
"156",156,"crovel",1,-0.667316480434314,0.5,1,"crovel",6,NA,1,0.24,7448.74,778.83,652.4,83.4,83.88,13.25,235853.78,32292.83,15689.7,2334.4,2113.38,357.75
"157",157,"hom",1,-0.665845211138739,0.5,1,"hom",3,NA,14,286.66,17602.95,65.67,690.41,5,0,0,223516.5,20151.67,19614.94,1902,928.38,98
"158",158,"short",1,-0.665376035654098,0.5,1,"short",5,194.363,7,21.49,12720.76,370.6,1409.26,44.5,387.81,9.67,293329.11,34832,20475.43,2490.25,2509.92,377
"159",159,"leald",1,-0.65527316136933,0.5,1,"leald",5,NA,1,0.83,10043.52,393.6,3062.38,46,292.8,9.33,281911.66,37047,23754.88,3391.75,1843.46,181.33
"160",160,"nop",1,-0.65445725508184,0.5,1,"nop",3,NA,19,382.05,11929.71,66,3625.94,8.5,0,0,229473.5,29476.33,12008.76,1309.5,36.53,36
"161",161,"scays",1,-0.638074059269449,0.5,1,"scays",5,NA,10,1.95,7475.5,563.2,136.89,24,54.77,9.67,221124.34,35063.6,8137.57,1515.75,810.79,150.33
"162",162,"flankfopper",1,-0.636753421153898,0.5,1,"flankfopper",11,NA,0,0,403.99,302.45,46.33,42,3.94,6.22,209437.06,27230.09,19036.42,2763.1,1186.17,276.67
"163",163,"grat",1,-0.63634871532243,0.5,1,"grat",4,NA,11,3.12,14968.35,180.5,5085.92,26.33,9.07,3,275220.54,34039.25,22589.24,4585.33,2494.26,863.5
"164",164,"fireer",1,-0.628503134088053,0.5,1,"fireer",6,NA,1,1.78,9567.1,963.5,1967.02,168.8,170,6.25,321438.75,43653.83,31468.84,4497,1658.82,227.25
"165",165,"went",1,-0.625342350852639,0.5,1,"went",4,693.21,18,93.33,21234.43,228.25,3338.5,27.33,1131.46,6.5,323128.19,36381.25,29503.45,3852.67,7801.91,1046.5
"166",166,"ston",1,-0.615322741574525,0.5,1,"ston",4,NA,4,117.53,9948.76,138.75,498.49,12.67,87.45,1,316439.86,40323.5,39935,5225.33,1410.87,350.5
"167",167,"holily",1,-0.610740266357559,0.5,1,"holily",6,NA,1,1.01,7265.29,657.33,1232.34,91.4,238.02,10.75,215513.96,26976.83,16444.26,2996.6,1003.42,215.5
"168",168,"etecants",1,-0.600228316105784,0.5,1,"etecants",8,NA,0,0,3503.16,957.62,383.41,99.29,100.17,16.67,359476.73,44708,25506.83,4047,2201.17,421.17
"169",169,"grasshopper",1,-0.590392362495676,0.5,1,"grasshopper",11,1.48732,0,0,476.88,350.45,59.71,45.6,10.8,7.44,247756.04,34606.45,19220.9,3266.5,1705.6,358
"170",170,"ther",1,-0.536873312460694,0.5,1,"ther",4,NA,6,1478.76,24363.33,137,13377.79,17.33,4434.85,2.5,350269.73,38363,102910.95,5280.33,51261.46,641.5
"171",171,"bledge",1,-0.519348715978798,0.5,1,"bledge",6,NA,3,2.2,5288.16,436.67,326.19,36.4,23.62,6.5,254890.27,34127.5,17578.81,3385.8,2081.41,482.25
"172",172,"cotplicant",1,-0.518060968498282,0.5,1,"cotplicant",10,NA,0,0,1912.85,685.9,491.36,110.89,24.12,10,256332.17,32975.2,21380.13,3253.67,1689.49,401.38
"173",173,"congusozation",1,-0.508883313950134,0.5,1,"congusozation",13,NA,0,0,434.93,226,229.47,102.75,145.96,61.55,246721.38,32077.08,23254.33,4164.08,3992.41,934.64
"174",174,"cas",1,-0.496346373263511,0.5,1,"cas",3,NA,13,1193.42,18174.49,67,7755.46,6,0,0,254048.8,38460.67,24075.6,2976.5,1104.78,194
"175",175,"custom",1,-0.483444899086928,0.5,1,"custom",6,16.063,0,0,4454.2,460.83,421.17,54.4,56.99,7.5,219384.1,29710,22306.83,2896.6,1743.81,268.75
"176",176,"shine",1,-0.482229989863495,0.5,1,"shine",5,7.91254,11,5.28,15154.71,435.4,3375.13,62,514.57,13,324372.31,42804.2,36508.85,5366.5,3787.17,748.67
"177",177,"blans",1,-0.479772445105629,0.5,1,"blans",5,NA,7,15.94,9209.14,611.6,1156.11,69.25,350.69,14,233713.66,34317,24610.88,3688,1458.6,436.67
"178",178,"contain",1,-0.460263215039013,0.5,1,"contain",7,35.4577,0,0,5787.98,818,1218.12,122.5,555.33,26,298942.34,37459.43,34253.83,5505.67,3527,586.6
"179",179,"toy",1,-0.442637158314331,0.5,1,"toy",3,13.8618,16,122.2,33128.99,70.67,858.18,8,13.86,1,265020.97,26866.67,20211.59,1240,32.19,4
"180",180,"drustion",1,-0.441288924320363,0.5,1,"drustion",8,NA,0,0,3897,914,908.31,150,466.24,42.67,262300.39,36088.25,21925.44,4278.14,5719.34,1183.67
"181",181,"bangs",1,-0.413931281538661,0.5,1,"bangs",5,2.4987,9,8.04,6852.65,639.2,474.75,61.75,102.94,14.33,216508.46,31786,27024.65,3922.75,1528.57,338.33
"182",182,"germantia",1,-0.396926990858083,0.5,1,"germantia",9,NA,0,0,2075.05,655.67,283.68,77.38,47.77,11.29,299868,38171.11,28661.4,4640.5,2325.09,503.86
"183",183,"hane",1,-0.334517651495678,0.5,1,"hane",4,NA,20,260.43,21141.67,299,3548.31,41.33,304.48,6.5,358622.27,39161,41918.76,3968,2443.34,308
"184",184,"crit",1,-0.329907404518575,0.5,1,"crit",4,NA,5,1.81,12177.44,171,189.35,18,4.13,2,264288.4,37150,20959.32,3403.33,1682.34,327
"185",185,"liberty",1,-0.329282796381185,0.5,1,"liberty",7,18.0263,0,0,3932.36,570,551.92,58.67,96.13,6.8,253984.57,34064.71,20879,3440,986.9,197.6
"186",186,"ase",1,-0.329190746783239,0.5,1,"ase",3,NA,15,354.05,38599.73,38,366,2.5,0,0,388931.11,52075.67,30260.23,3035.5,1555.85,200
"187",187,"gravel",1,-0.32779293956261,0.5,1,"gravel",6,11.0062,5,14.35,6431.76,749.33,587.28,87.8,133.12,19.75,240191.88,32732,15259.16,2579.4,2408.28,353.75
"188",188,"albust",1,-0.298236587718629,0.5,1,"albust",6,NA,0,0,4243.39,325.17,538.43,35.6,30.83,3,231990.59,31566.33,17769.58,3019.6,1054.82,132.5
"189",189,"baafness",1,-0.291995811492532,0.5,1,"baafness",8,NA,0,0,3345.72,1250.75,436.77,170.29,224.82,60.83,282519.56,38291.38,11316.21,3067.43,1392.78,677.17
"190",190,"distance",1,-0.289734610293965,0.5,1,"distance",8,87.9898,0,0,3404.74,753.38,756.71,127,404.69,38.5,304272.25,40692.5,26882.02,4006.57,3944.38,846.17
"191",191,"sint",1,-0.275642229682514,0.5,1,"sint",4,NA,13,20.08,18047.63,257,1878.5,35.67,50.12,5,312014.86,44093,41456.55,6757.67,4099.56,678.5
"192",192,"speveal",1,-0.273750845589011,0.5,1,"speveal",7,NA,0,0,4237.28,628.71,602.71,62.17,78.82,4.8,282546.74,38701.57,19048.29,2585.67,2428.6,169.6
"193",193,"budget",1,-0.263410530957988,0.5,1,"budget",6,32.0071,2,0.3,7216.6,790.5,587.98,87,92.87,15.25,224684.89,28107.67,7461.94,1242.8,797.9,98.5
"194",194,"sudsage",1,-0.258988003161548,0.5,1,"sudsage",7,NA,0,0,4767.65,730.57,456.99,60.17,139.75,14.6,256978.77,37636.14,7160.68,1256,708.38,118
"195",195,"collosks",1,-0.217066941229415,0.5,1,"collosks",8,NA,0,0,3321.23,1028.25,491.42,120.86,88.41,16.33,207695.02,31845.75,11249.16,2053.71,846.45,164.33
"196",196,"goud",1,-0.205053722716034,0.5,1,"goud",4,NA,6,172.42,11164.6,209.5,1274.75,17.67,19.84,1,172864.31,22417,16424.72,1486,146.5,42
"197",197,"fimp",1,-0.204905812529056,0.5,1,"fimp",4,NA,2,6.54,10714.53,158.5,1187.85,19,6.54,1,145388.93,21807.5,8538.26,1441.67,938.59,212.5
"198",198,"tice",1,-0.198042955387395,0.5,1,"tice",4,NA,13,152.6,24574.73,236,1303.63,18.67,89.03,4,333884.97,43178.75,22620.65,4796.33,2987.79,621.5
"199",199,"arsher",1,-0.188146985810014,0.5,1,"arsher",6,NA,1,5.24,8103.53,803.83,2017.71,170,522.36,23,316216.26,41223.67,48431.69,4881.6,6159.18,379.5
"200",200,"bove",1,-0.184006963149091,0.5,1,"bove",4,NA,12,51.15,18981.12,262.25,2946.93,23.33,278.1,4,237961.88,28253.75,14197.93,1734.67,2709.33,341
"201",201,"slace",1,-0.13909095196053,0.5,1,"slace",5,NA,8,89.28,11040.22,444.4,1512.16,52.5,587.41,10,290694.41,41640.8,12109.69,2342,1448.11,233.67
"202",202,"warpen",1,-0.129339564561774,0.5,1,"warpen",6,NA,3,4.4,8652.25,895.67,892.89,106.2,67.03,8,267263.48,34128.67,22648.82,3034.2,1054.15,187.25
"203",203,"tate",1,-0.121423162166381,0.5,1,"tate",4,NA,17,79.59,27418.64,283.5,987.62,28.67,281.64,5.5,421860.85,45450.25,31178.5,5997.33,4760.82,1529
"204",204,"bere",1,-0.114956550551931,0.5,1,"bere",4,NA,9,495.05,20372.77,269,5765.01,33.33,2193.55,3,337943.95,44225.25,48056.76,6563.67,7240.38,583
"205",205,"strosh",1,-0.0996740059918246,0.5,1,"strosh",6,NA,0,0,5578.71,450,942.02,62,327.69,11.75,288395.4,37505,18083.6,3394,1634.01,401
"206",206,"hube",1,-0.071339160481176,0.5,1,"hube",4,NA,4,32.65,13405.96,201.25,124.5,13.33,9.79,1.5,237549.75,26236.5,8683.64,870.67,34.98,32
"207",207,"elements",1,-0.0599009792248325,0.5,1,"elements",8,46.4044,1,0.59,3513.63,975.75,610.75,114.43,217.46,25,347406.33,45312.25,23778.85,3723.43,4755.36,777.33
"208",208,"mout",1,-0.0509077249506645,0.5,1,"mout",4,NA,9,134.22,17008.31,236.25,2107.27,22.67,5.41,3,233984.64,26190.25,23287.88,2134.67,3960.64,346
"209",209,"woft",1,-0.0491524726666755,0.5,1,"woft",4,NA,6,14.55,19894.93,221.5,701.84,14,41.91,1,225617.16,21085,15330.5,401.33,309.87,23.5
"210",210,"molent",1,-0.0424311996476087,0.5,1,"molent",6,NA,2,157.98,6822.49,602.83,1036.83,64.6,243.58,11.75,299346.24,36332,24570.88,3982.2,4251.87,678
"211",211,"bulbet",1,-0.0195781140604395,0.5,1,"bulbet",6,NA,1,13.39,7373.92,805.33,480.38,64.4,4.63,2.25,222337.68,28452.17,11011.55,1374.6,384.28,65.25
"212",212,"mich",1,-0.0180089353403209,0.5,1,"mich",4,NA,6,210.52,13124.47,154.5,1442.88,19.67,69.19,2,192372.19,24540.5,15118.22,2903,2145.19,113.5
"213",213,"loak",1,-0.00674250146213566,0.5,1,"loak",4,NA,8,80.55,15878.55,250.25,1028.93,24.67,28.94,2.5,226520.54,27405,6496.07,1228.67,130.14,55
"214",214,"jewel",1,0.00695898382518386,0.5,1,"jewel",5,2.85565,1,0.3,6787.13,363.4,333.99,27.25,26.24,5.67,262082.72,32460.8,9211.55,1089.75,601.57,66.33
"215",215,"inpant",1,0.0143239556089595,0.5,1,"inpant",6,NA,1,21.42,4155.32,374.67,491.95,47.6,16.93,5.25,288567.91,37083.67,36507.89,5045.2,1240.11,313.75
"216",216,"wawed",1,0.019688943008936,0.5,1,"wawed",5,NA,12,3.2,10962.93,475.4,1117.2,89,10.65,8,250823.84,27283.4,19200.46,2379.25,261.23,49.67
"217",217,"pame",1,0.0479328590017692,0.5,1,"pame",4,NA,15,131.03,18847.64,281.75,3451.49,28.67,901.88,4,271090.5,34082.5,14851.55,2062.33,1667.94,149
"218",218,"charks",1,0.0561365057939378,0.5,1,"charks",6,NA,5,3.17,5243.33,695,693.95,74,199.78,13,213481.18,28702.5,18843.73,2102.8,1376.5,282.25
"219",219,"ancrusinishness",1,0.0630678497450917,0.5,1,"ancrusinishness",15,NA,0,0,40.85,61.67,5.15,18.43,2.29,10.85,276741.93,41010.2,23084.57,4148.93,1645.25,561.77
"220",220,"leld",1,0.080083018893724,0.5,1,"leld",4,NA,8,45.84,14172.67,207.25,1899.82,23.67,113.33,2.5,256944.49,35838,18580.94,2937.67,339.5,63
"221",221,"runey",1,0.0834211057607722,0.5,1,"runey",5,NA,2,0.45,6883.19,489.6,435.96,38.25,140.82,4.33,249711.55,33854,11670.14,2093.75,520.96,95.67
"222",222,"shring",1,0.101420821456937,0.5,1,"shring",6,NA,6,17.87,7693.92,636.33,2352.99,171.4,1129.71,79,237914.8,34433.17,30537.32,5767.2,8419.55,2061.25
"223",223,"wase",1,0.110299634589296,0.5,1,"wase",4,NA,15,44.32,24775.83,279,1648.98,31.33,261.38,3.5,314778.32,40291.5,26820.91,2370.33,6435.37,142
"224",224,"banny",1,0.1397512655789,0.5,1,"banny",5,NA,8,5.77,6858.8,466.8,468.16,52.5,94.73,11,220253.74,27864.6,18991.15,1988.5,642.14,158
"225",225,"han",1,0.146419073261604,0.5,1,"han",3,NA,20,593.66,19692.36,77.33,5933.15,9,0,0,304400.97,31056.67,51343.36,3799,4269.5,392
"226",226,"telechinct",1,0.154605470894005,0.5,1,"telechinct",10,NA,0,0,1662.57,555.5,270.63,67.56,40.8,10.12,306711.58,37767.5,26479.93,4374.33,2017,338.75
"227",227,"resolve",1,0.157108218430844,0.5,1,"resolve",7,11.1251,1,2.14,5148.44,692.71,680.53,87.33,77.58,10.2,297642.35,40781.71,24536.01,4240.67,1794.42,351.4
"228",228,"ablood",1,0.170790683449416,0.5,1,"ablood",6,NA,0,0,5538.13,442.33,197.71,20,4.06,1.5,238464.68,28271.83,9038.43,1699.4,2021.15,330
"229",229,"trull",1,0.213525686428662,0.5,1,"trull",5,NA,3,13.52,9914.72,293.6,2182.67,36,116.05,4.33,218614.46,30951.6,12342.43,2279,888.5,207.67
"230",230,"naw",1,0.213866602192946,0.5,1,"naw",3,NA,16,211.38,14609.86,64.67,307.93,7,0,0,253606.15,28570.67,5082.85,1327,26.53,9
"231",231,"hadder",1,0.223189772425479,0.5,1,"hadder",6,NA,4,12,8142.75,892.5,1921.47,193.8,178.46,26.5,287249.41,33246.17,28444.25,3853.6,2966.84,319.75
"232",232,"investigate",1,0.24415177121419,0.5,1,"investigate",11,9.51884,0,0,1039.65,406,268.7,82.7,46.98,17.78,317742.9,41285.73,30358.91,6035.1,2301.41,700.44
"233",233,"an",1,0.248371568471077,0.5,1,"an",2,3313.39,11,3544.29,22806.98,6.5,3313.39,1,NA,NA,334249.27,40386.5,64251.37,5694,NA,NA
"234",234,"gaian",1,0.251885800253409,0.5,1,"gaian",5,NA,0,0,8020.5,380.2,532.01,34.5,13.23,1.67,287943.66,37547.8,22034.3,2539,890.07,179.67
"235",235,"vesural",1,0.252218842236403,0.5,1,"vesural",7,NA,0,0,4532.44,537.71,787.65,65.17,260.57,7.8,248395.65,35578.57,23133.33,4772.5,1379.47,244.6
"236",236,"spoll",1,0.268428469324049,0.5,1,"spoll",5,NA,4,9.64,8091.43,328.8,904.87,31.75,66.77,5.33,201101.61,31821,11779.8,2112.75,1261.42,275
"237",237,"distides",1,0.274989636728897,0.5,1,"distides",8,NA,0,0,4869.25,1374,899.78,283,205.8,38,298075.74,42822.5,25758.57,5760.57,2809.15,751.17
"238",238,"hant",1,0.275124268968232,0.5,1,"hant",4,NA,13,90.26,19200.22,270.5,3754.19,37.33,555.84,3.5,326347.84,32848,43964.18,4095.67,4205.1,693
"239",239,"fite",1,0.294486502218909,0.5,1,"fite",4,NA,14,52.77,20136.77,229.75,3262.03,23.33,48.49,3.5,328433.73,39488.25,26703.17,4164,1615.05,240.5
"240",240,"fattify",1,0.331339259430698,0.5,1,"fattify",7,NA,0,0,6607.34,980.57,888.25,130.83,194.91,34,248714.32,27359.57,16033.93,3121.5,862.69,211.6
"241",241,"liffs",1,0.336210678465895,0.5,1,"liffs",5,NA,6,1.38,5710.09,481.6,289.73,30.75,5.57,8,185772.17,28868.4,7879.49,1678.75,709.63,112.67
"242",242,"mannanency",1,0.337808764509089,0.5,1,"mannanency",10,NA,0,0,1374.68,534.2,304.95,85.89,107.27,19.62,273082.65,34924.1,26033.61,3311.67,1321.94,266.62
"243",243,"groon",1,0.393926557452957,0.5,1,"groon",5,NA,5,14.05,6109.55,281.6,1138.42,53.5,171.89,8.33,251976.71,32313.2,21323.68,3317.5,1075.51,208.67
"244",244,"freat",1,0.423728613138922,0.5,1,"freat",5,NA,3,227.58,8993.82,313,1325.93,40,655.91,9.67,326597.84,38161,33776.09,4474.25,3800.44,402.67
"245",245,"coth",1,0.552126140833419,0.5,1,"coth",4,NA,7,89.43,13607.23,204.75,3418.39,29.33,313.02,3,269164.51,26640,54535.57,2540.33,2601.82,156.5
"246",246,"fistory",1,0.572749943972443,0.5,1,"fistory",7,NA,1,184.19,5505.22,781.43,945.07,115.67,266.98,17.4,243135.71,32440.86,26750.22,3328.17,2074.03,581.8
"247",247,"sids",1,0.588880773805669,0.5,1,"sids",4,NA,12,40.52,12179.16,283.5,590.05,23.33,225.95,3,249823.11,42828,10317.49,1677.33,1053.74,127.5
"248",248,"pealt",1,0.62567511984669,0.5,1,"pealt",5,NA,2,10.89,9999.25,405.4,1386.31,47.5,74.45,7.33,308774.15,37830.8,18599.81,2748.75,1528.05,177.67
"249",249,"trood",1,0.634932192497293,0.5,1,"trood",5,NA,2,4.11,9591.27,336.4,1053.69,46.5,165.67,7.33,289550.63,33077.4,12642.6,2235.5,1668.41,305.67
"250",250,"roder",1,0.655940921994191,0.5,1,"roder",5,NA,6,5.41,10912.59,462,2495.11,79.75,358.72,8.67,299324.97,39337.2,28523.06,4924,1804.67,408.33
"251",251,"doubtful",1,0.664531101470132,0.5,1,"doubtful",8,14.3378,0,0,2360.9,558,201.64,46,63.83,11.17,181089.3,22185.88,9567.55,1113.71,522.98,111.83
"252",252,"garbant",1,0.666513530872834,0.5,1,"garbant",7,NA,0,0,6083.18,899.14,753.56,113.33,93.19,17.4,262240.6,32503.43,22908.56,3039.5,1174.86,319.8
"253",253,"moop",1,0.697249741760461,0.5,1,"moop",4,NA,9,12.66,12709.76,216.75,2953.67,35.33,56.96,4.5,206886.86,24399.25,9730.32,1499.67,195.2,85.5
"254",254,"strarms",1,0.820455462781721,0.5,1,"strarms",7,NA,0,0,5651.95,976,491.42,76,93.87,9.8,269991.63,39329.86,17129.41,3488,1988.2,444.4
"255",255,"purshare",1,0.837989257541243,0.5,1,"purshare",8,NA,0,0,3309.09,806.25,282.96,74.57,20.35,7.5,261722.36,35256.25,25182.58,3249.43,2091.99,228.17
"256",256,"lape",1,0.864746699791322,0.5,1,"lape",4,NA,16,22.63,18644.88,269,739.73,26.33,29.36,3.5,287920.58,37733,11619.45,2593.67,513.1,127.5
"257",257,"beller",1,0.883177856678886,0.5,1,"beller",6,NA,3,1.47,9597.98,943.5,2678.07,221.4,336.89,30.25,281975.79,39266.17,30452.15,4793,1824.61,427.5
"258",258,"wread",1,0.899591537097323,0.5,1,"wread",5,NA,4,23.46,10739.37,311,1193.34,36.5,446.33,8.33,280939.84,34167.4,24907.43,2939.75,3445.74,358
"259",259,"invent",1,0.914592520439703,0.5,1,"invent",6,8.56696,4,7.5,4743.14,380.33,716.04,56,233.91,13,305578.15,38916.83,36796.77,5396,4834.75,691
"260",260,"creat",1,0.985175969923053,0.5,1,"creat",5,NA,8,92.01,9314.91,339.2,1340.34,47.5,652.68,11.33,330958.83,41113.4,33120.31,4663.25,4062.94,453.33
"261",261,"rescets",1,0.992932469749017,0.5,1,"rescets",7,NA,0,0,6962.63,1179.43,1048.92,164.67,130.8,32,331679.09,46985.43,23258.59,4670.33,1630.57,423
"262",262,"overtruan",1,0.996706036773864,0.5,1,"overtruan",9,NA,0,0,1883.01,485.33,204.52,66.12,36.65,25,283326.2,35401.67,24288.69,3367.12,2547.8,357.86
"263",263,"immiterise",1,1.02210716019821,0.5,1,"immiterise",10,NA,0,0,1889.6,685.7,253.5,111.11,56.37,30,306310.38,43006.1,26918.65,4448.78,2579.5,600.12
"264",264,"contive",1,1.07440208053917,0.5,1,"contive",7,NA,2,0.24,7771.68,1080.71,1372.74,157,327.92,28,283787.99,35793.14,27631.69,4708.5,3890.62,798.8
"265",265,"mistive",1,1.08486619851858,0.5,1,"mistive",7,NA,3,0.12,6747.71,938.29,1122.64,139.83,193.7,30.8,275986.35,38532.43,24177.67,4383,3345.03,879.8
"266",266,"soth",1,1.11235936484313,0.5,1,"soth",4,NA,5,124.68,15439.47,224.5,3828.77,21,311.71,2.5,305936.4,33700.25,51868.78,1583.33,2523.71,129.5
"267",267,"configuration",1,1.14670085523686,0.5,1,"configuration",13,2.02275,0,0,437.5,229.23,242.99,107.67,159.32,64.55,250830.85,32793.69,22067.84,4056.92,4261.75,1040.45
"268",268,"pledge",1,1.16251133868443,0.5,1,"pledge",6,5.47333,2,0.57,5384.48,438.67,425.59,37.6,67.32,6.75,256935.74,35066.33,17681.38,3254.2,1779.74,309.5
"269",269,"dryer",1,1.17469695655084,0.5,1,"dryer",5,2.02275,2,1.16,8106.58,380.8,2050.86,63,11.94,4.67,250649.47,34488,20235.98,3197.5,139.93,29
"270",270,"qualify",1,1.22337912462723,0.5,1,"qualify",7,7.3771,1,109.17,5467.58,835.71,600.23,77,147.84,17,164820.69,22304.14,10947.95,2123.17,1249.69,351.8
"271",271,"circus",1,1.23728944912958,0.5,1,"circus",6,15.0517,1,0.3,5796.45,765.83,224.24,30.2,40.04,3.25,193872.7,33726.33,8128.01,1501.6,332.89,94
"272",272,"serning",1,1.25112482259139,0.5,1,"serning",7,NA,2,12.97,10086.9,1325.86,3779.76,424.5,2103.57,216.8,284398.4,42366.57,37279.19,6458,7437.82,1671.8
"273",273,"testify",1,1.26260083740387,0.5,1,"testify",7,5.23536,1,1.13,7507.71,972.14,926.78,135.33,129.47,32,292771.24,36587.29,23677.95,5892.83,2295.93,815.6
"274",274,"swane",1,1.28616664221113,0.5,1,"swane",5,NA,3,1.65,10625.13,424.6,553.4,40.5,23.62,8.33,309166.29,40011.2,27090.5,2854.5,645.77,138
"275",275,"whose",1,1.29270165267533,0.5,1,"whose",5,229.285,5,261.19,14371.94,316.6,3560.31,42,1066.43,7.33,289032.66,32998.4,18913.09,1841.25,3377.37,146.67
"276",276,"guarantee",1,1.3370842216036,0.5,1,"guarantee",9,22.0123,0,0,2971.78,950,440.78,122.75,89.54,15.14,325539.78,40262.11,24744.09,3852.38,1841.11,490.43
"277",277,"wared",1,1.35616104732998,0.5,1,"wared",5,NA,15,5.85,12414.78,538.6,1729.81,118.5,97.71,16.33,280939.84,34167.4,37580.76,5076.75,4508.44,454
"278",278,"med",1,1.41429258450879,0.5,1,"med",3,NA,15,103.02,18303.81,60.33,730.3,5.5,0,0,263472.72,33134,33556.86,5034.5,1719.88,276
"279",279,"fave",1,1.43839736309174,0.5,1,"fave",4,NA,17,340.39,20420.04,252.75,4306.46,21,2485.9,4.5,259758.17,29714.75,14122.75,1453.33,3180.96,164.5
"280",280,"overwhelm",1,1.45071672926251,0.5,1,"overwhelm",9,1.90377,0,0,1520.05,478.78,186.61,53.88,51.76,23.57,251057.01,29631.56,31731.25,2648,2975.06,297.43
"281",281,"sain",1,1.51394755746355,0.5,1,"sain",4,NA,14,240.56,16616.33,252,3077.36,29.67,1630.76,5,309412.84,45008.25,33901.84,5212.33,4173.3,286
"282",282,"snose",1,1.67457854336093,0.5,1,"snose",5,NA,1,1.01,10424.9,386.8,1560.39,35.25,475.74,7,331716.8,47483.2,13584.68,1736.5,1074.3,160.33
"283",283,"fing",1,1.67514761783374,0.5,1,"fing",4,NA,14,60.56,11033.63,181,1753.81,37,423.68,6.5,192747.98,27960,41485.96,7433.67,15837.21,3630.5
"284",284,"hust",1,1.73685020367134,0.5,1,"hust",4,NA,15,155.65,13968.5,195,2955.24,31,1116,5,254631.15,29992.5,17372.42,3233.33,2030.25,216
"285",285,"fatter",1,1.82470383621064,0.5,1,"fatter",6,1.42783,15,48.36,9981.49,977.5,3124.13,230.4,840.35,48.25,337529.6,38171.17,31246.66,5577.8,3893.99,798.25
"286",286,"garment",1,1.83170477140682,0.5,1,"garment",7,10.5302,0,0,6722.77,989,866.68,118.17,276.03,23.4,287372.25,36181,23875.99,3402.33,4684.02,739.2
"287",287,"complase",1,1.98917982319906,0.5,1,"complase",8,NA,0,0,3432.2,878.5,611.04,116.14,178.95,21.67,244736.69,34061.12,18505.67,2600,2563.49,358.5
"288",288,"streat",1,2.29624679600507,0.5,1,"streat",6,NA,3,102.05,6344.83,573.67,954.82,61.8,386.76,14.5,365678.36,45338.33,34781.4,5342.2,4178.67,575.25
"289",289,"chanding",1,2.42468757825293,0.5,1,"chanding",8,NA,3,19.93,4610.28,1165,1971.73,463.57,1075.8,239.5,234051.58,30119.25,42177.89,5315.71,12308.29,1622.17
"290",290,"shink",1,2.48782585603219,0.5,1,"shink",5,NA,9,92.39,11744.96,352.8,3509.25,61.5,812.27,11.67,226342.35,31124.8,31381.22,4427.25,2966.13,410.67
"291",291,"accustomed",1,2.51818491239098,0.5,1,"accustomed",10,21.0604,0,0,1512.29,573,392.66,120.33,75.38,13.38,250242.32,32742.8,21576.28,3031.11,2163.25,248.75
"292",292,"mader",1,2.52466686797817,0.5,1,"mader",5,NA,3,1.75,9220.79,478.6,2477.43,86,349.48,9.33,283019.68,36128.8,29616.11,4896.5,2471.66,451.67
"293",293,"rackle",1,2.67631362531493,0.5,1,"rackle",6,NA,4,7.79,7394.81,618.33,1203.04,101,89.14,15.25,243963.59,33628.33,12789.18,3002.2,1264.58,329.5
"294",294,"appropriates",1,2.78083040009305,0.5,1,"appropriates",12,0.118986,1,2.38,508.98,399.58,106.19,100.55,34.39,33.4,274236.91,37119.42,18402.13,4137.18,2288.93,641.8
"295",295,"potent",1,3.09275616569806,0.5,1,"potent",6,6.84167,1,4.28,7660.78,624.5,935.3,65.8,273.24,14.75,332347.26,38057.83,26574.68,4347.4,4918.3,769.5
"296",296,"bads",1,3.86203315333126,0.5,1,"bads",4,NA,19,6.54,12676.31,310.25,1146.32,29.67,12.08,4,219555.87,31132.25,8560.51,1366.33,273.16,73.5
"297",297,"recorse",1,4.03644718698263,0.5,1,"recorse",7,NA,1,4.46,5869.39,686.57,1137.67,96.17,88.95,12.4,318837.76,44639.57,28366.03,4060.67,1650.06,370.2
"298",298,"seadrill",1,4.05302595060784,0.5,1,"seadrill",8,NA,0,0,4612.76,1135.25,440.99,121.86,18.99,15,277701.38,40481.75,18383.4,2770,1741.18,229.33
"299",299,"telescoped",1,4.39147931634625,0.5,1,"telescoped",10,0.297464,1,1.73,1868.34,710.6,356.96,121.67,42.17,12.62,307456.77,40221.2,22309.29,4972.89,1369.28,393.25
"300",300,"bot",1,5.11815927151842,0.5,1,"bot",3,NA,25,483.9,17755.69,78.33,3312.17,10.5,0,0,260539.31,27376,11683.01,1480,923.86,58
