STRING,LEN,FREQ,Orth,Orth_F,N1_F,N1_C,N2_F,N2_C,N3_F,N3_C,UN1_F,UN1_C,UN2_F,UN2_C,UN3_F,UN3_C
able,4,318.346,3,1.88,12677.22,169.25,534.56,15.67,320.28,1.5,284852.37,36324.75,14216.97,3016.67,3767.56,880.5
ablood,6,NA,0,0,5538.13,442.33,197.71,20,4.06,1.5,238464.68,28271.83,9038.43,1699.4,2021.15,330
accastanct,10,NA,0,0,1501.35,485.2,318.13,72.67,102.34,17.5,283008.06,35974,21922.61,3101.56,2032.75,373.25
accustomed,10,21.0604,0,0,1512.29,573,392.66,120.33,75.38,13.38,250242.32,32742.8,21576.28,3031.11,2163.25,248.75
acquisitiveness,15,0.297464,0,0,31.44,58.27,7.28,23.93,4.83,16.69,272693.68,39437.47,20886.16,3826,2334.24,647.08
after,5,1185.51,3,5.81,8994.55,330.8,3384.79,66.75,1702.09,7.67,326597.84,38161,26220.82,4821.75,4506.16,785.67
ag,2,NA,9,1856.46,8354.06,4.5,0,0,NA,NA,232896.9,29288,6457.76,1329,NA,NA
again,5,766.802,0,0,6698.84,239.2,1090.55,19.25,873.97,5.67,287943.66,37547.8,26036.36,4199.25,2824.18,204
agreed,6,100.543,1,6.96,9473.15,889.5,2275.97,210,255.42,6.5,319613.15,41010.83,24988.43,3702.4,1783.31,206.5
air,3,261.411,5,55.35,22452.08,54.33,399.79,3.5,261.41,1,310035.42,43210.67,11885.14,1410.5,1536.7,261
albust,6,NA,0,0,4243.39,325.17,538.43,35.6,30.83,3,231990.59,31566.33,17769.58,3019.6,1054.82,132.5
alipol,6,NA,0,0,3819,352.83,395.6,28.2,2.54,1.75,238164.59,33084.67,14687.31,2928.8,892.05,328.75
alk,3,NA,9,414.97,14641.35,23.67,1757.74,3,0,0,194318.72,25436,16197.94,2542,978.12,93
almost,6,481.177,0,0,4770.02,364.33,913.32,37.6,487.74,3.5,272263.37,34730.17,17227.8,2972.8,1464.74,129.25
am,2,738.008,11,1453.64,8733,6.5,738.01,1,NA,NA,242249.74,28314.5,8231.12,1540,NA,NA
an,2,3313.39,11,3544.29,22806.98,6.5,3313.39,1,NA,NA,334249.27,40386.5,64251.37,5694,NA,NA
ancrusinishness,15,NA,0,0,40.85,61.67,5.15,18.43,2.29,10.85,276741.93,41010.2,23084.57,4148.93,1645.25,561.77
and,3,28470.7,5,375.88,37263.41,37.67,29341.41,2.5,28470.7,1,278303.78,33985,55124.62,4203,32583.14,814
animal,6,119.164,0,0,3448.34,348.33,666.27,46.6,161.52,3.75,271410.58,35856.67,26406.13,3473.2,1095.1,228
answer,6,162.118,0,0,7469.19,735,1702.56,143.4,181.87,3.5,298121.9,39902.5,31457.38,4302.4,1861.81,232.25
ap,2,NA,17,1132.36,9625.07,8.5,0,0,NA,NA,230178.32,29055,5990.98,1452,NA,NA
appropriates,12,0.118986,1,2.38,508.98,399.58,106.19,100.55,34.39,33.4,274236.91,37119.42,18402.13,4137.18,2288.93,641.8
ar,2,NA,19,1146.32,10890,9.5,0,0,NA,NA,312340.13,40621,32942.45,4822,NA,NA
arf,3,NA,5,908.22,15162.11,28.67,2270.54,2.5,0,0,239838.18,29703,16889.61,2513,58.54,25
arm,3,111.132,5,894.28,15938.57,37.33,2326.11,3,111.13,1,242466.47,31996,18588.57,2862.5,1176.65,220
arsher,6,NA,1,5.24,8103.53,803.83,2017.71,170,522.36,23,316216.26,41223.67,48431.69,4881.6,6159.18,379.5
as,2,6945.78,11,1878.31,17276.49,6.5,6945.78,1,NA,NA,322753.58,46376.5,32536.91,2614,NA,NA
asca,4,NA,1,27.31,2753.46,69.75,26.51,3,0,0,285981.68,39316.25,17375.68,2519.33,322.75,186
ase,3,NA,15,354.05,38599.73,38,366,2.5,0,0,388931.11,52075.67,30260.23,3035.5,1555.85,200
at,2,5582.62,17,1296.27,16600.89,9.5,5582.62,1,NA,NA,386984.39,40052.5,45222.05,7366,NA,NA
away,4,688.212,2,3.78,9559.25,119.75,881.15,10,691.25,1.5,233907.27,24442.75,10639.27,700.67,1992.17,101
baafness,8,NA,0,0,3345.72,1250.75,436.77,170.29,224.82,60.83,282519.56,38291.38,11316.21,3067.43,1392.78,677.17
back,4,1235.84,16,22.16,12493.28,226.75,2378.72,36.33,1335.52,5.5,148964.86,20045.75,8339.06,1853,2228.36,387
bads,4,NA,19,6.54,12676.31,310.25,1146.32,29.67,12.08,4,219555.87,31132.25,8560.51,1366.33,273.16,73.5
ball,4,96.1403,18,45.2,14146.16,248.25,3140.65,41.67,441.73,7,197040.69,27793.25,19342.64,3144.67,5300.74,742
bams,4,NA,16,4.79,13970.41,315.5,1418.35,32.33,3.93,4,203632.45,29523.25,5490.66,1184,80.23,53
bangs,5,2.4987,9,8.04,6852.65,639.2,474.75,61.75,102.94,14.33,216508.46,31786,27024.65,3922.75,1528.57,338.33
banny,5,NA,8,5.77,6858.8,466.8,468.16,52.5,94.73,11,220253.74,27864.6,18991.15,1988.5,642.14,158
bawed,5,NA,12,2.6,9318,509,982.28,91.75,10.89,9,245620.55,28414.4,15586.58,2477.5,262.24,52.67
be,2,6137.93,13,1493.07,15842.9,7.5,6137.93,1,NA,NA,293794.84,37034,21330.06,1495,NA,NA
beautiful,9,114.881,0,0,2222.88,615.78,379.27,66.38,132.66,8.29,240852.01,30748.89,15131.13,2320.38,736.24,184.29
become,6,392.057,1,279.85,7317.45,528.17,1426.36,40.8,621.36,4,275226.71,34704.83,20246.61,2461.2,4189.49,332
beeching,8,NA,2,0.77,4865.28,1221.38,1825.59,441.43,1045.2,231.67,268297.14,34567.62,30436.75,4380.71,7005.77,1394.33
beeltisul,9,NA,0,0,2391.5,659.33,294.7,62.5,4.93,3.57,280911.23,39133.44,17944.28,2843.75,877.59,104.71
begin,5,120.175,4,110.83,6354.44,282,1009.52,29.5,268.59,4.33,252749.47,35608.2,27164.09,4055.75,1044,172
beller,6,NA,3,1.47,9597.98,943.5,2678.07,221.4,336.89,30.25,281975.79,39266.17,30452.15,4793,1824.61,427.5
benon,5,NA,4,0.28,5354.55,322.4,699.35,41.5,13.15,4,296830.41,37032,32592.69,3932.5,457.4,106.67
bere,4,NA,9,495.05,20372.77,269,5765.01,33.33,2193.55,3,337943.95,44225.25,48056.76,6563.67,7240.38,583
besime,6,NA,1,95.01,8112.97,639.17,1138.87,47,99.43,4.25,296791.31,41924.67,22260,4065,1328.28,162
best,4,345.772,15,42.99,17453.67,223.5,3668.62,29.33,604.65,5.5,310876.24,40790,30419.08,6641.67,2910.71,905
better,6,435.784,9,21.4,10666.53,963.67,3320.03,230.8,896.9,46.5,356025.45,42224.17,28089.68,4750.8,3922.28,784.5
bi,2,NA,14,764,5347.98,7,0,0,NA,NA,185864.74,29492,3071.19,1155,NA,NA
black,5,346.307,5,12.68,6487.72,303.4,1343.6,52.5,594.45,10.33,153179.78,21906.2,10412.52,2390,1725.69,335.33
blans,5,NA,7,15.94,9209.14,611.6,1156.11,69.25,350.69,14,233713.66,34317,24610.88,3688,1458.6,436.67
bledge,6,NA,3,2.2,5288.16,436.67,326.19,36.4,23.62,6.5,254890.27,34127.5,17578.81,3385.8,2081.41,482.25
bone,4,28.1996,16,54.83,19692.35,308,1749.34,36.33,451.55,6.5,299358.47,36567.5,25986.91,4175.67,3525.39,335
bot,3,NA,25,483.9,17755.69,78.33,3312.17,10.5,0,0,260539.31,27376,11683.01,1480,923.86,58
bove,4,NA,12,51.15,18981.12,262.25,2946.93,23.33,278.1,4,237961.88,28253.75,14197.93,1734.67,2709.33,341
brought,7,254.629,2,5.12,4264.88,492,1297.08,63,788.84,14.8,210162.95,24151.14,14839.12,1616.83,4000.9,289.6
brubs,5,NA,2,0.71,7497.58,525,434.55,34.25,20.54,4.33,151427.74,25979.6,2816.77,800.75,207.53,76
brush,5,18.3833,3,4.62,7419.9,283.2,654.2,37,57.47,5.67,187107.91,26340.2,9407.74,1773.5,436.18,146
budget,6,32.0071,2,0.3,7216.6,790.5,587.98,87,92.87,15.25,224684.89,28107.67,7461.94,1242.8,797.9,98.5
building,8,160.333,0,0,4394.39,1135.38,1977.45,422.14,1174.51,221.17,187780.55,28996,23665.26,4116.57,5970.97,1307.67
bulbet,6,NA,1,13.39,7373.92,805.33,480.38,64.4,4.63,2.25,222337.68,28452.17,11011.55,1374.6,384.28,65.25
business,8,237.733,1,0.59,3815.59,1210.5,737.06,198,393.32,71.83,261102.41,41554.88,27146.64,5525.57,2780.42,1014.83
but,3,5240.18,17,225.51,12411.18,62,7040.52,8,5240.18,1,192132.3,22432.33,12428.51,1244.5,5597.26,113
cag,3,NA,21,114.5,11270.87,74.67,1201.7,10,0,0,194144.35,27068.33,11036.03,2334,20.64,11
can,3,1954.34,17,95.62,13064.04,76.33,2765.97,9,1954.34,1,261712.59,34467.33,39932.83,4516.5,3277.87,336
candy,5,6.72268,7,4.03,5620.38,442.8,668.71,57,146.17,10.33,206259.82,26730,31927.98,2982.25,11975.33,391.67
car,3,274.916,18,168.04,16318.28,66,1786.54,9,274.92,1,247106.5,34623.67,24278.37,4080.5,1746.11,403
cas,3,NA,13,1193.42,18174.49,67,7755.46,6,0,0,254048.8,38460.67,24075.6,2976.5,1104.78,194
cat,3,43.3107,23,132.27,17386.11,81,1462.13,11,43.31,1,296869.34,34244.67,30418.17,5352.5,1576.62,744
chance,6,147.483,2,133.5,6292.68,515.83,1020.78,69.4,444.05,17.25,277961.26,33650.33,29961.14,2983,4128.49,577.75
chanding,8,NA,3,19.93,4610.28,1165,1971.73,463.57,1075.8,239.5,234051.58,30119.25,42177.89,5315.71,12308.29,1622.17
charks,6,NA,5,3.17,5243.33,695,693.95,74,199.78,13,213481.18,28702.5,18843.73,2102.8,1376.5,282.25
charring,8,0.0594928,4,7.51,4976.85,1240.75,1953,472.57,959.38,241.5,238135.18,32450,32765.44,5219.57,6717.88,1581.33
che,3,NA,4,16431.17,49872.23,36.67,32859.39,1.5,0,0,294209.93,32833.33,67480.92,2769.5,2439.8,742
chigshen,8,NA,0,0,3766.96,854.88,625.05,97.14,147.04,13.67,258402.33,33217.5,33339.03,2551,2304.55,211.5
children,8,647.817,0,0,4131.4,898.88,1097.94,108.14,691.24,8.83,256765.78,34458.62,25662.7,3081.71,1925.87,221.17
cibsus,6,NA,0,0,4864.99,701.33,109.4,23.6,4.09,1.5,188954.55,33639,7055.47,1337.6,77.61,22.25
circus,6,15.0517,1,0.3,5796.45,765.83,224.24,30.2,40.04,3.25,193872.7,33726.33,8128.01,1501.6,332.89,94
clomify,7,NA,0,0,5509.79,798.14,297.78,64.33,71.47,13,170361.8,23622.57,8793.66,1441.67,456.76,132.6
clought,7,NA,0,0,3957.88,476.43,958.45,43.33,665.5,11.4,206945.13,24440.29,13467.12,1413.67,3307.13,257.2
cok,3,NA,13,6.09,10014.74,55.67,39.59,6.5,0,0,156967.2,20339.33,12578.26,2216.5,6.6,8
collapse,8,23.1427,0,0,3264.88,824.88,533.37,119.14,83.26,16.17,253151.73,35886.38,14767.62,2624.86,682.81,187.67
collosks,8,NA,0,0,3321.23,1028.25,491.42,120.86,88.41,16.33,207695.02,31845.75,11249.16,2053.71,846.45,164.33
cologne,7,3.86703,0,0,6449.86,871.57,712.79,92,83.52,6.4,260706.93,33951.14,11945.33,2384,662.01,223.8
come,4,845.987,16,200.29,18482.25,273.25,3923.41,31.33,2049.4,5,265942.64,33540.25,22448.34,2909.67,6345.91,524
complase,8,NA,0,0,3432.2,878.5,611.04,116.14,178.95,21.67,244736.69,34061.12,18505.67,2600,2563.49,358.5
complete,8,99.2934,0,0,3709.31,946.5,688.99,152,210.61,23,278232.62,35179,18425.33,3436,2459.76,359.17
compliment,10,7.19862,1,4.88,2129.08,698,825.09,132.89,464.73,47,239943.81,31998.4,20781.02,3174.11,4318.69,630.25
configuration,13,2.02275,0,0,437.5,229.23,242.99,107.67,159.32,64.55,250830.85,32793.69,22067.84,4056.92,4261.75,1040.45
congusozation,13,NA,0,0,434.93,226,229.47,102.75,145.96,61.55,246721.38,32077.08,23254.33,4164.08,3992.41,934.64
contain,7,35.4577,0,0,5787.98,818,1218.12,122.5,555.33,26,298942.34,37459.43,34253.83,5505.67,3527,586.6
contive,7,NA,2,0.24,7771.68,1080.71,1372.74,157,327.92,28,283787.99,35793.14,27631.69,4708.5,3890.62,798.8
coth,4,NA,7,89.43,13607.23,204.75,3418.39,29.33,313.02,3,269164.51,26640,54535.57,2540.33,2601.82,156.5
cotosks,7,NA,0,0,5396.62,982.43,626.08,74.83,6.65,1.4,244809.95,33470.29,14775.93,1761.33,116.15,59.6
cotplicant,10,NA,0,0,1912.85,685.9,491.36,110.89,24.12,10,256332.17,32975.2,21380.13,3253.67,1689.49,401.38
could,5,1906.39,2,1462.12,12069.67,410.4,5582.54,48.5,3938.35,6,178824.5,24990.4,21529.6,2426.75,5509.09,149.67
cow,3,23.2617,24,128.62,11721.06,63,1566.68,12.5,23.26,1,177361.72,20293.33,17567.05,2581.5,78.77,59
cowbim,6,NA,0,0,3696.47,415.83,458.58,51,4.13,2.75,167755.63,22435,9877.53,1576.6,23.37,25.5
cowboy,6,4.69993,0,0,4930.39,502.33,460.34,51,6.69,4,166877.19,18975.33,8859.05,1367.2,132.45,43.5
creat,5,NA,8,92.01,9314.91,339.2,1340.34,47.5,652.68,11.33,330958.83,41113.4,33120.31,4663.25,4062.94,453.33
crit,4,NA,5,1.81,12177.44,171,189.35,18,4.13,2,264288.4,37150,20959.32,3403.33,1682.34,327
crovel,6,NA,1,0.24,7448.74,778.83,652.4,83.4,83.88,13.25,235853.78,32292.83,15689.7,2334.4,2113.38,357.75
cuppom,6,NA,0,0,3358.12,378.33,170.21,33.8,31.4,4.25,136256.99,20270.33,8500.48,1283.2,535.52,75.25
custom,6,16.063,0,0,4454.2,460.83,421.17,54.4,56.99,7.5,219384.1,29710,22306.83,2896.6,1743.81,268.75
da,2,NA,13,169.51,1101.8,6.5,0,0,NA,NA,274096.57,31532.5,4733.9,912,NA,NA
dag,3,NA,19,53.08,11187.76,74,450.93,8,0,0,210735.54,26586,5595.83,1120.5,23.98,31
daople,6,NA,1,0.24,7944.38,648.5,1567.59,69.4,743.21,4.75,273536.85,34237.67,9402.2,1796.4,1154.68,85
dat,3,NA,21,68.15,17303,80.33,711.36,9,0,0,313460.53,33762.33,24977.97,4139,366.59,149
de,2,NA,13,1777,11550.49,6.5,0,0,NA,NA,343849.5,42328,21065.01,4210,NA,NA
describe,8,36.4096,0,0,4280.69,998.12,446.6,105.86,65.49,11,275497.58,39996.5,15657.24,3786,881.81,280
destrifs,8,NA,0,0,4820.15,1356.62,564.66,139.14,90.76,22.83,281312.66,40029.25,18597.4,4544.71,2290.89,655.5
distance,8,87.9898,0,0,3404.74,753.38,756.71,127,404.69,38.5,304272.25,40692.5,26882.02,4006.57,3944.38,846.17
distides,8,NA,0,0,4869.25,1374,899.78,283,205.8,38,298075.74,42822.5,25758.57,5760.57,2809.15,751.17
do,2,1907.99,15,2222.26,18574.94,8.5,1907.99,1,NA,NA,244769.4,27247,7726.27,986,NA,NA
dog,3,73.2356,15,8.58,10095.71,69.33,120.92,7.5,73.24,1,191184.09,23729,4928.62,995.5,149.56,66
dood,4,NA,8,204.26,13667.2,234.5,2781.35,33.33,817.04,4,244769.4,27247,8021.31,1159,1410.36,147
dooseful,8,NA,0,0,2681.07,597.12,178.78,55.43,63.27,13.17,247557.07,32230.75,10708.73,1604,1015.89,172.5
doubtful,8,14.3378,0,0,2360.9,558,201.64,46,63.83,11.17,181089.3,22185.88,9567.55,1113.71,522.98,111.83
down,4,1227.34,5,47.52,12042.81,199,1851.48,20,1328.69,3,217144.23,24580.75,8322.05,777.33,2572.59,164
drnuo,5,NA,0,0,3482.62,240,204.31,13.5,0,0,227412.38,30244.8,2716.13,517.75,15.49,9.67
drustion,8,NA,0,0,3897,914,908.31,150,466.24,42.67,262300.39,36088.25,21925.44,4278.14,5719.34,1183.67
dryer,5,2.02275,2,1.16,8106.58,380.8,2050.86,63,11.94,4.67,250649.47,34488,20235.98,3197.5,139.93,29
duttery,7,NA,1,1.43,6151,882.57,1106.29,192.5,248.28,46.8,273232.75,32572.29,22273.56,3809,3279.23,625.8
ees,3,NA,6,69.25,11608.47,50.33,207.69,2.5,0,0,435433.07,59272.67,25868.67,6677,440.96,144
ef,2,NA,7,4728.65,16550.28,3.5,0,0,NA,NA,308060.24,35670.5,4674.7,809,NA,NA
elements,8,46.4044,1,0.59,3513.63,975.75,610.75,114.43,217.46,25,347406.33,45312.25,23778.85,3723.43,4755.36,777.33
en,2,NA,9,3218.96,14485.31,4.5,0,0,NA,NA,404002.2,51182,44818.04,6080,NA,NA
enan,4,NA,1,0.24,11967.13,114.75,753.65,10,0,0,369125.73,45784.25,38945.99,4672,400.59,180
esslyots,8,NA,0,0,2724.59,847.88,237.84,71,1.39,4.17,284696.13,40754,14518.04,3442.86,1173.02,505.67
et,2,NA,15,1103.9,8279.23,7.5,0,0,NA,NA,456737.32,50848,13927.55,2447,NA,NA
etecants,8,NA,0,0,3503.16,957.62,383.41,99.29,100.17,16.67,359476.73,44708,25506.83,4047,2201.17,421.17
even,4,1334.3,4,119.4,11794.76,103.5,4730.8,9.33,1569.45,2.5,342605.61,42868.25,27471.53,3261.33,5315.32,359.5
everyone,8,159.917,0,0,3128.96,722,409.63,71.29,200.94,19.83,317185.38,39585.5,27231.95,3831,4586.68,355.83
fafever,7,NA,0,0,5596.7,1024.14,1018.46,163.83,206.19,5,271150.44,32794.14,19869.16,2796.33,3461.43,286.2
family,6,334.587,0,0,7618.88,685.33,1323.95,84.4,399.64,10.25,189091.29,25216.67,10978.33,2124,1085.64,165.5
famous,6,79.2444,0,0,6272.66,757.17,738.76,51.6,178.78,5.25,214015.26,27859.83,16601.75,1935.2,1524.64,393.5
farmer,6,32.5425,4,23.98,9358.88,974.17,2235.8,201.4,155.74,13,264403.31,34448,27102.65,4051.2,1035.43,199.25
fasees,6,NA,0,0,10048.32,1204.67,1328.2,159.8,15.66,6.5,341106.77,46406.33,23615.65,4027.2,1263.57,126.5
fast,4,102.982,13,126.59,19444.24,251,3291.77,35,691.57,6,283132.47,34710.5,23992.36,3305,1812.54,356.5
faster,6,35.9931,12,8.27,9508.89,980.67,2608.09,233.4,621.61,45.75,316119.33,40279.17,34150.22,5694.4,4312.27,954.25
father,6,343.987,5,99.56,9379.27,912,2835.26,186.6,1154.11,19.75,312948.93,33867,71955.08,4783.6,26325.55,428.75
fatter,6,1.42783,15,48.36,9981.49,977.5,3124.13,230.4,840.35,48.25,337529.6,38171.17,31246.66,5577.8,3893.99,798.25
fattify,7,NA,0,0,6607.34,980.57,888.25,130.83,194.91,34,248714.32,27359.57,16033.93,3121.5,862.69,211.6
fave,4,NA,17,340.39,20420.04,252.75,4306.46,21,2485.9,4.5,259758.17,29714.75,14122.75,1453.33,3180.96,164.5
fawerty,7,NA,0,0,4246.18,659.14,642.06,57.67,48.38,4,257865.37,29258.57,17355.02,2575.5,1447.71,119
fimp,4,NA,2,6.54,10714.53,158.5,1187.85,19,6.54,1,145388.93,21807.5,8538.26,1441.67,938.59,212.5
finally,7,170.149,0,0,4638.29,734.71,913.94,115,379.04,14.6,212655.18,29256,27541.43,4681.67,3976.06,675.4
find,4,482.129,13,83,13671.31,204.75,2150.47,36,997.75,6,213347.82,29082.25,44690.76,5669,2921.75,358
fine,4,140.879,19,75.44,19550.72,255.75,1886.75,40.33,624.64,8.5,302066.17,39655.25,37047.99,6200.33,2935.43,718
fing,4,NA,14,60.56,11033.63,181,1753.81,37,423.68,6.5,192747.98,27960,41485.96,7433.67,15837.21,3630.5
fireer,6,NA,1,1.78,9567.1,963.5,1967.02,168.8,170,6.25,321438.75,43653.83,31468.84,4497,1658.82,227.25
fish,4,178.359,4,41.81,13882.8,163.25,1007.13,24,261.98,3,227172.87,29881,18700.62,2813,1404.33,388.5
fistory,7,NA,1,184.19,5505.22,781.43,945.07,115.67,266.98,17.4,243135.71,32440.86,26750.22,3328.17,2074.03,581.8
fite,4,NA,14,52.77,20136.77,229.75,3262.03,23.33,48.49,3.5,328433.73,39488.25,26703.17,4164,1615.05,240.5
flankfopper,11,NA,0,0,403.99,302.45,46.33,42,3.94,6.22,209437.06,27230.09,19036.42,2763.1,1186.17,276.67
freat,5,NA,3,227.58,8993.82,313,1325.93,40,655.91,9.67,326597.84,38161,33776.09,4474.25,3800.44,402.67
from,4,4229.52,2,1.93,9275.84,122.75,4635.42,12,4231.45,2,190894.84,23821,15914.85,2034.33,4688.21,139
fror,4,NA,2,2116.57,8752.9,121.5,3185.24,10.33,2116.57,1,225940.03,29974.25,22154.41,2798.33,2451.37,86
fruit,5,59.4928,0,0,8260.42,290.8,380.11,26.25,59.65,2,230650.72,30463.8,13154.04,1536.75,432.21,92.33
gaian,5,NA,0,0,8020.5,380.2,532.01,34.5,13.23,1.67,287943.66,37547.8,22034.3,2539,890.07,179.67
ganner,6,NA,9,10.03,8912.02,971,2082.38,209.2,257.26,23.25,300569.39,39864.83,31975.93,4557.2,1173.96,259.25
ganter,6,NA,7,0.47,9224.8,994.67,2557.57,237.6,565.85,36.5,318147.76,39753.5,39429.67,6013.4,4672.84,1058
garbant,7,NA,0,0,6083.18,899.14,753.56,113.33,93.19,17.4,262240.6,32503.43,22908.56,3039.5,1174.86,319.8
garden,6,114.107,2,3.69,8554.45,921.67,992.95,118,279.56,15.5,280518.49,36913.5,21887.54,3459.6,1783.88,333.25
garment,7,10.5302,0,0,6722.77,989,866.68,118.17,276.03,23.4,287372.25,36181,23875.99,3402.33,4684.02,739.2
ge,2,NA,12,1832.43,10994.59,6,0,0,NA,NA,302649.83,40083.5,12317.43,1988,NA,NA
germantia,9,NA,0,0,2075.05,655.67,283.68,77.38,47.77,11.29,299868,38171.11,28661.4,4640.5,2325.09,503.86
ggnoi,5,NA,0,0,2123.5,163.4,18.46,3.25,0,0,216659.42,30795.6,5767.88,716.25,86.7,34.33
gibs,4,NA,11,1.16,9514.25,247.5,313.51,19.67,5.8,4,179867.44,31636.75,2696.81,742,30.7,32.5
give,4,465.947,8,101.73,17107.14,208.75,2764.27,15,724.53,4,237964.38,33548,13571.33,1837,3276.39,486
go,2,974.491,14,2434.94,18019.04,8,974.49,1,NA,NA,203569.72,25002.5,5703.81,621,NA,NA
going,5,709.451,1,270.87,10435.09,352.8,2812.95,45,1630.06,10,216659.42,30795.6,31294.61,5535.25,10859.67,2424.33
good,4,902.743,9,52.73,13299.53,227.75,2439.28,30.67,1093.98,4.5,224169.56,26124.75,7347.16,1037.33,1672.61,140
goud,4,NA,6,172.42,11164.6,209.5,1274.75,17.67,19.84,1,172864.31,22417,16424.72,1486,146.5,42
grasshopper,11,1.48732,0,0,476.88,350.45,59.71,45.6,10.8,7.44,247756.04,34606.45,19220.9,3266.5,1705.6,358
grat,4,NA,11,3.12,14968.35,180.5,5085.92,26.33,9.07,3,275220.54,34039.25,22589.24,4585.33,2494.26,863.5
gravel,6,11.0062,5,14.35,6431.76,749.33,587.28,87.8,133.12,19.75,240191.88,32732,15259.16,2579.4,2408.28,353.75
great,5,639.726,3,15.27,8767.35,305.4,1607.14,45.5,912.1,9.67,324433.67,39926.2,33401.86,4619.25,4254.43,431.33
green,5,154.027,4,18.62,10259.43,418,1708.68,49.25,494.11,8.67,331240.8,44378,30831.63,3996.75,3116.55,236
groon,5,NA,5,14.05,6109.55,281.6,1138.42,53.5,171.89,8.33,251976.71,32313.2,21323.68,3317.5,1075.51,208.67
guarantee,9,22.0123,0,0,2971.78,950,440.78,122.75,89.54,15.14,325539.78,40262.11,24744.09,3852.38,1841.11,490.43
guess,5,60.2662,1,25.46,8838.28,543.8,765.09,21.5,163.8,4.33,250131.65,40077.6,13416,4165,2532.21,875
guoys,5,NA,1,0.36,6492.68,520.6,82.13,14,1.03,1.33,173703.94,25684.4,1817.25,389.25,77.04,25.33
hadder,6,NA,4,12,8142.75,892.5,1921.47,193.8,178.46,26.5,287249.41,33246.17,28444.25,3853.6,2966.84,319.75
hammer,6,11.8986,3,0.97,8354.28,886,1927.63,181.2,122.75,14.5,266018.19,31100.83,28332.56,3583.6,736.76,202.5
han,3,NA,20,593.66,19692.36,77.33,5933.15,9,0,0,304400.97,31056.67,51343.36,3799,4269.5,392
hand,4,470.112,9,73.9,15262.26,248,3812.02,37,664.59,4.5,269903.93,28588,49561.53,3436.67,18426.32,603
hane,4,NA,20,260.43,21141.67,299,3548.31,41.33,304.48,6.5,358622.27,39161,41918.76,3968,2443.34,308
hant,4,NA,13,90.26,19200.22,270.5,3754.19,37.33,555.84,3.5,326347.84,32848,43964.18,4095.67,4205.1,693
have,4,4529.54,15,34.32,20430.44,253.25,5879.87,24.67,4750.67,5,297225.69,30847.25,24994.37,1851,5626.41,177.5
he,2,9118.22,16,745.78,15084.48,9,9118.22,1,NA,NA,382995.28,37935.5,116852.54,2840,NA,NA
hect,4,NA,3,41.63,17177.37,198.5,988.14,13.33,2.14,1,318704.56,34180.5,46503.29,2190,2276.91,369.5
help,4,375.221,7,47.94,12049.61,184.75,1899.11,19.67,536.54,3.5,253651.59,30361.5,44941.21,1956,931,84.5
hencory,7,NA,0,0,5844.94,777.43,743.22,90.67,62.94,6.8,259303.2,31303.86,39889.94,3363,2121.49,296.8
here,4,751.215,10,374.74,21028.21,255.75,5413.84,32,2615.45,5,382544.17,44676,79897.58,7012,14852.54,741.5
him,3,2617.38,14,438.35,12643.44,55.33,5678.31,6.5,2617.38,1,217616.5,25177.67,20303.71,1741,3196.9,52
his,3,5828.33,10,481.65,18751.25,53,7197.2,4.5,5828.33,1,271285.73,37219,31777.37,3361,10838.33,140
history,7,184.19,0,0,5482.58,761.71,965.26,105.33,290.66,16,264545.72,33088,30278.92,3423.83,4169.57,587.8
hitter,6,NA,8,6.88,9021.53,880,2917.47,214.2,898.95,43.75,349782.23,40010.67,34615.25,5069.6,3866.67,770.75
hktni,5,NA,0,0,3671.18,155.6,0.01,0.25,0,0,252034.67,28595.2,2387.76,690,10.87,3
holily,6,NA,1,1.01,7265.29,657.33,1232.34,91.4,238.02,10.75,215513.96,26976.83,16444.26,2996.6,1003.42,215.5
hom,3,NA,14,286.66,17602.95,65.67,690.41,5,0,0,223516.5,20151.67,19614.94,1902,928.38,98
homogeneous,11,3.80754,0,0,777.13,473.82,105.71,45.2,22.59,11.44,282885.21,34451,19284.55,2501.3,1060.66,281.11
hore,4,NA,21,194.76,21579.85,292.75,4601.03,39,1292,6,333004.12,37135.5,38470.32,4421.67,2948.07,373
hot,3,143.378,19,390.3,22922.38,77.33,3766.43,9,143.38,1,320006.26,27977,18063.43,1757.5,549.36,105
however,7,435.546,0,0,5890.16,965.71,1222.17,170.5,474.79,7.2,283822.06,31798.57,25269.6,3091.83,4328.85,331.2
hu,2,NA,11,832.59,4579.22,5.5,0,0,NA,NA,181304.66,15439,2374.12,486,NA,NA
hube,4,NA,4,32.65,13405.96,201.25,124.5,13.33,9.79,1.5,237549.75,26236.5,8683.64,870.67,34.98,32
huge,4,111.013,2,0.45,13594.17,205.5,251.44,14,111.46,2,241977.24,27761.25,6812.35,1011.67,149.12,26
hus,3,NA,15,535.05,18366.25,47,59.34,5.5,0,0,208778.72,27249.33,9248.78,1555,441.5,58
hust,4,NA,15,155.65,13968.5,195,2955.24,31,1116,5,254631.15,29992.5,17372.42,3233.33,2030.25,216
hy,2,NA,11,1483.85,8161.19,5.5,0,0,NA,NA,162226.43,10731.5,1325.8,351,NA,NA
idthepiates,11,NA,0,0,1012.22,631.09,148.3,142.2,35.28,42.78,324818.35,40248.27,38438.91,3756.2,10678.66,519.44
imagine,7,81.862,1,0.36,6738.47,950,1807.76,232.17,200.55,26.6,283909.9,38923.71,23523.76,3971.33,1539.35,402.8
imeyits,7,NA,0,0,5373.65,1022.57,449.8,87.67,22.24,7.6,281503.01,39022.57,15717.92,1843.5,1090.9,82.8
immiterise,10,NA,0,0,1889.6,685.7,253.5,111.11,56.37,30,306310.38,43006.1,26918.65,4448.78,2579.5,600.12
impoverish,10,0.237971,0,0,1611.05,550.2,249.95,93.22,97.36,29,242902.26,33280,21685.02,3546.67,3066.06,547.25
in,2,18707,9,3654.57,35152.56,5.5,18707,1,NA,NA,296072.09,43640,79789.4,12894,NA,NA
inni,4,NA,1,2.14,4606.25,81.25,685.59,3.33,1.07,0.5,296072.09,43640,30440.02,5378.33,607.87,151.5
inpant,6,NA,1,21.42,4155.32,374.67,491.95,47.6,16.93,5.25,288567.91,37083.67,36507.89,5045.2,1240.11,313.75
inside,6,189.187,1,0,5731.84,461.17,634.51,42.4,280.97,7.5,308166,45199.33,27903.27,4956.2,2668.21,378.25
insows,6,NA,0,0,4403.68,547.33,316.97,30.2,76.82,5.75,255840.62,37878.5,24023.3,3817.4,859.79,202.25
into,4,2006.57,3,24.57,5974.3,63.25,2098.68,6.33,2043.25,2,326864.65,39703.5,49354.55,6607,3883.06,490
invectiress,11,NA,0,0,1122.98,580.18,233.63,97.2,34,28.11,296405.06,42745.73,28043.81,5203.6,2660.34,628.22
invent,6,8.56696,4,7.5,4743.14,380.33,716.04,56,233.91,13,305578.15,38916.83,36796.77,5396,4834.75,691
investigate,11,9.51884,0,0,1039.65,406,268.7,82.7,46.98,17.78,317742.9,41285.73,30358.91,6035.1,2301.41,700.44
ip,2,NA,15,2929.42,21970.64,7.5,0,0,NA,NA,192001.15,32308.5,2162.8,906,NA,NA
is,2,9055.39,9,4570.37,29622.06,5.5,9055.39,1,NA,NA,284576.4,49630,34097.56,4747,NA,NA
jewel,5,2.85565,1,0.3,6787.13,363.4,333.99,27.25,26.24,5.67,262082.72,32460.8,9211.55,1089.75,601.57,66.33
jixel,5,NA,0,0,6645.42,352.4,242.49,25,37.46,3,201887.93,28753.6,4587.93,818.25,38.81,10.33
jostile,7,NA,1,27.6,7281.34,1032.14,930.7,158.17,109.17,28.4,283039.25,37812.14,19558.03,4123.67,2071.93,371.4
jump,4,27.8426,7,7.02,4703.38,127,588.44,16.67,52.41,4.5,76170.57,12630.75,3879.46,980.33,269.29,98.5
just,4,1236.44,8,123.79,11852.53,176.75,3334.55,28.33,1730.77,4.5,194825.52,27160.5,17286.73,3173.33,2518.72,205.5
justice,7,51.8182,0,0,6354.99,898.86,1035.5,129.83,162.51,27,246093.36,34733.57,19953.69,3984.83,2956.71,526.8
khtna,5,NA,0,0,7196.72,189.4,25,4.25,0,0,267305.54,27293.8,3552.64,742.5,20.78,4.67
kile,4,NA,16,12.18,18298.9,228.5,1528.41,33.33,94.68,6.5,256972,36572.25,15298.36,2981.33,1228.29,181.5
kind,4,409.846,8,131.19,11791.1,184.25,1880.07,34,934.6,5,197423.34,28384.75,43372.98,5520.67,3638.64,520
knead,5,1.18986,1,0,7216.57,231.4,759.63,25,94.2,5,277466.78,34101.2,16736.1,2222.5,1541.66,165.67
knew,4,473.086,3,389.44,9259.09,87.75,1068.15,9.67,489.68,2,232865.17,28095,9953.43,1666,1309.08,66.5
lame,4,4.46196,19,112.85,20307.95,275.25,3499.7,30.67,923.21,6.5,293956.29,37362.75,16572.08,2621.67,1795.16,233
land,4,260.459,12,57.18,14889.8,255.25,2322.16,39.33,562.21,5,251237.71,32825.75,41532.19,3979.33,17317.07,650
lant,4,NA,11,141.74,18827.76,277.75,2264.33,39.67,453.45,4,307681.61,37085.75,35934.84,4638.33,3095.85,740
lape,4,NA,16,22.63,18644.88,269,739.73,26.33,29.36,3.5,287920.58,37733,11619.45,2593.67,513.1,127.5
leald,5,NA,1,0.83,10043.52,393.6,3062.38,46,292.8,9.33,281911.66,37047,23754.88,3391.75,1843.46,181.33
learn,5,113.512,1,1.43,8262.59,348.8,1941.92,55.75,843.82,12.67,320544.83,42590.8,22526.22,3443.25,3317.77,300
left,4,567.561,7,9.83,15591.09,192.75,902.82,15.33,568.93,2.5,294587.1,34727.75,11659.92,2195.67,596.18,33.5
leld,4,NA,8,45.84,14172.67,207.25,1899.82,23.67,113.33,2.5,256944.49,35838,18580.94,2937.67,339.5,63
liberty,7,18.0263,0,0,3932.36,570,551.92,58.67,96.13,6.8,253984.57,34064.71,20879,3440,986.9,197.6
library,7,50.6878,0,0,4191.15,672.14,496.05,75,91.51,8.2,212728.23,31142.71,14059.7,2899.33,585.17,142.4
liffs,5,NA,6,1.38,5710.09,481.6,289.73,30.75,5.57,8,185772.17,28868.4,7879.49,1678.75,709.63,112.67
light,5,298.535,9,251.96,6473.75,241.8,2249.44,23.5,1841.78,8.33,239274.35,29010,11176.79,1916,4202.49,420.33
live,4,229.761,14,283.85,18477.42,217.75,3645.64,22,606.44,4,259470.88,36711.75,18757.87,3094,3226.26,515
lkoo,4,NA,0,0,6030.35,96.25,0.34,0.33,0,0,211856.95,25262.25,3972.79,628.67,1.01,3
loak,4,NA,8,80.55,15878.55,250.25,1028.93,24.67,28.94,2.5,226520.54,27405,6496.07,1228.67,130.14,55
loms,4,NA,12,9.87,13459.51,305.25,2004.45,28.33,0.71,2,214902.86,32069,11544.69,1629.67,136.8,63
long,4,780.604,8,7.16,11458.24,227.25,1848.72,33.33,801.34,3.5,215974.28,29560.75,32228.51,5762.67,2427.93,222
look,4,557.923,12,70.84,13233.58,233,2786.86,35.33,972.56,6.5,211856.95,25262.25,9151.39,1474,2497.24,187.5
losh,4,NA,13,30.42,14307.41,209.5,1705.68,32.67,192.43,5,250399.16,31481.75,11916.91,2121,581.24,82
lost,4,216.256,14,166.58,18288.29,254.5,3547.05,37,1010.54,4.5,287270.18,37938,18550.39,3554,1968.85,229.5
mader,5,NA,3,1.75,9220.79,478.6,2477.43,86,349.48,9.33,283019.68,36128.8,29616.11,4896.5,2471.66,451.67
man,3,1024.11,21,191.65,13319.82,76,2695.8,10.5,1024.11,1,257072.56,31839.67,40220.63,4178,4661.14,661
mannanency,10,NA,0,0,1374.68,534.2,304.95,85.89,107.27,19.62,273082.65,34924.1,26033.61,3311.67,1321.94,266.62
me,2,2418.02,21,1045.73,13398.15,11.5,2418.02,1,NA,NA,312002.67,39110,27137.79,2793,NA,NA
meat,4,75.0799,13,61.66,21236.56,234.75,6430.71,37,400.89,6,349493.53,39581.25,32555.54,4292.33,2408.45,237.5
med,3,NA,15,103.02,18303.81,60.33,730.3,5.5,0,0,263472.72,33134,33556.86,5034.5,1719.88,276
mich,4,NA,6,210.52,13124.47,154.5,1442.88,19.67,69.19,2,192372.19,24540.5,15118.22,2903,2145.19,113.5
milk,4,108.396,8,13.13,13036.87,197.25,1474.51,27.67,157.3,4,152330.25,24390.25,8399.74,1669,976.1,122
miss,4,241.481,8,24.25,13923.98,274,998.49,22.33,266.05,3,233899.7,41219,18342.15,3497.67,1207.29,406
mistake,7,46.4638,0,0,5218.1,710,713.57,91.67,153.88,19.2,285466.18,37523.14,17866.37,3125.33,3016.51,609.4
mistive,7,NA,3,0.12,6747.71,938.29,1122.64,139.83,193.7,30.8,275986.35,38532.43,24177.67,4383,3345.03,879.8
molent,6,NA,2,157.98,6822.49,602.83,1036.83,64.6,243.58,11.75,299346.24,36332,24570.88,3982.2,4251.87,678
molk,4,NA,7,20.7,13823.54,235.75,1982.47,27.33,12.02,2,156755.24,20620.75,7690.84,1284.67,50.66,49
money,5,386.524,2,10.53,10209.13,557.8,796.76,52,461.37,7.33,262719.6,31897.6,22116.93,3265.25,3088.92,333
moon,4,54.7928,13,31.69,16041.88,224.5,3092.77,36,257.9,6,258922.33,30065,23132.03,3345,465.98,135
moop,4,NA,9,12.66,12709.76,216.75,2953.67,35.33,56.96,4.5,206886.86,24399.25,9730.32,1499.67,195.2,85.5
more,4,2427.66,20,19.84,21742.86,295.25,5522.53,39.33,2501.1,6.5,297507.82,37722.75,35510.03,4303,4047.56,322
morning,7,305.257,2,2.92,8787.21,1212.71,3620.48,425,2160.99,218.8,233088.7,32897.14,29896.91,5000.67,7505.13,1628.4
mot,3,NA,20,321.71,16549.84,76,3136.28,9,0,0,272677.86,28760,13623.01,1579.5,1021.37,142
mout,4,NA,9,134.22,17008.31,236.25,2107.27,22.67,5.41,3,233984.64,26190.25,23287.88,2134.67,3960.64,346
mpju,4,NA,0,0,2985.24,44.5,0.1,0.33,0,0,76170.57,12630.75,2765.66,576.67,0,0
mun,3,NA,17,133.31,6883.25,55,280.42,7,0,0,169114.11,24039,8389.28,1575,403.54,80
must,4,917.676,15,168.19,14131.51,197.5,3548.78,30,1573.47,6.5,219134.85,30579.75,17791.61,3276.67,2486.05,234
my,2,2651.35,14,546.22,6474.86,8,2651.35,1,NA,NA,91233.82,11906,3433.5,130,NA,NA
mystery,7,24.63,1,5.18,5338.99,747.57,1080.39,177.33,297.39,42.2,240331.08,32114.71,24537.7,4428.5,3493.45,678.4
na,2,NA,14,187.26,1310.83,7,0,0,NA,NA,334249.27,40386.5,7768.57,2242,NA,NA
nap,3,5.29486,17,8.78,13021.76,70.67,79.07,9,5.29,1,249024.95,32333.33,6879.77,1847,99.95,70
napery,6,0.178478,1,1.01,5510.7,561.83,564.29,72,72.7,10,265168.24,34816.5,20334.92,3668.6,2167.01,370
natural,7,163.665,0,0,3843.05,564,787.76,69.17,350.4,8.8,281901.67,35438,20861.13,3891.5,1983.01,355
naw,3,NA,16,211.38,14609.86,64.67,307.93,7,0,0,253606.15,28570.67,5082.85,1327,26.53,9
need,4,456.904,9,11.85,15714.31,190.5,2785.87,34.67,510.24,5.5,373925.85,46755,26158.45,4365.33,1466.08,151.5
never,5,906.253,4,10.53,9033.48,388.6,3139.18,74,1122.67,9.67,322664.48,42166.4,31510.99,4759.25,6048.03,465.33
new,3,1082.35,11,212.75,8647.88,50.67,1410.51,6,1082.35,1,300108.1,35767.67,13561.99,2409.5,1901.27,83
nied,4,NA,7,90.42,15479.29,189,708.12,22.67,88.02,3,319960.8,42984,20017.71,4507.33,937.81,190
no,2,2495.54,16,2036.05,18783.96,9,2495.54,1,NA,NA,304922.09,36101,17105.77,1307,NA,NA
nop,3,NA,19,382.05,11929.71,66,3625.94,8.5,0,0,229473.5,29476.33,12008.76,1309.5,36.53,36
nuder,5,NA,2,0.8,7598.4,373.2,2228.7,66.5,336.47,6.33,267044.42,36277.2,22736.06,4078.5,1630.84,382.67
number,6,302.283,4,1.03,7006.33,760.5,1759.28,162.6,384.01,14.75,222971.99,30924,18973.11,3002.4,1101.73,208
nurger,6,NA,0,0,7913.4,848,1968.26,190,202.29,18.75,249287.11,36042.67,19941.4,3273.2,866.65,176
oban,4,NA,1,0.65,10590.5,108.25,733.62,8.33,0,0,264482,31169.75,24152.72,2591.33,553.61,125
oenc,4,NA,0,0,9425.63,154.25,608.37,11.33,0,0,311942.4,39576.25,18859.42,2856.67,1619.96,319.5
of,2,30167.2,10,1429.45,37314.45,6,30167.2,1,NA,NA,208980.14,20589.5,33183.01,331,NA,NA
office,6,252.725,0,0,5242.05,373.67,753.7,29.6,395.06,7.5,242691,30589.83,16428.42,1721.2,1871.06,211.75
old,3,750.918,1,57.77,17707.94,31.33,750.92,1,750.92,1,219859.43,27947.33,10876.74,1284.5,2436.35,192
om,2,NA,14,3025.07,21175.51,7,0,0,NA,NA,212922.57,24029,18694.76,1876,NA,NA
on,2,6873.67,12,4729.3,35249.49,7,6873.67,1,NA,NA,304922.09,36101,47116.89,6848,NA,NA
once,4,578.746,0,0,13273.77,140.75,1502.51,8,578.75,1,311942.4,39576.25,25375.52,3822,4085.75,547
only,4,1774.31,1,4.4,8756.87,101.25,2089.07,6.33,1774.31,1,214908.04,27654,22237.67,3528.33,2086.62,37.5
open,4,304.484,3,8.03,11323.22,108.75,3269.84,9.67,304.48,1,302426.67,37975.75,22083.27,3396.33,2037.18,285.5
orn,3,NA,5,185.5,7099.31,37.67,3.24,2,0,0,284248.04,37187,21143.73,2461.5,813.98,193
os,2,NA,14,4245.57,29718.99,7,0,0,NA,NA,293426.4,42091,8846.27,1638,NA,NA
ot,2,NA,20,2904.34,29043.4,10,0,0,NA,NA,357657.21,35767,15591.74,1587,NA,NA
other,5,1596.96,2,5.68,8003.64,285.6,3052.26,49.75,1599.4,2,344840.98,37352.8,81081.15,4357,35854.98,506.33
overtruan,9,NA,0,0,1883.01,485.33,204.52,66.12,36.65,25,283326.2,35401.67,24288.69,3367.12,2547.8,357.86
overwhelm,9,1.90377,0,0,1520.05,478.78,186.61,53.88,51.76,23.57,251057.01,29631.56,31731.25,2648,2975.06,297.43
pame,4,NA,15,131.03,18847.64,281.75,3451.49,28.67,901.88,4,271090.5,34082.5,14851.55,2062.33,1667.94,149
paper,5,173.421,7,1.19,9030.85,495.2,2322.83,86.5,206.3,10,260623.81,35434,23768.65,4282.5,2012.5,429.33
part,4,482.07,18,22.83,18599.52,282.25,1504.02,41,527.23,7.5,273861.25,33922.75,17454.03,2750,3812.6,472
peace,5,90.7265,3,184.55,10633.42,428.6,1989.63,53.25,413.42,7.67,323913.65,41537.4,17907.74,2581,1742.88,180.33
pealt,5,NA,2,10.89,9999.25,405.4,1386.31,47.5,74.45,7.33,308774.15,37830.8,18599.81,2748.75,1528.05,177.67
pencil,6,16.658,0,0,5142.06,489,601.77,48.6,20.2,3.5,246447.57,36493,18339.01,3044.8,1596.53,331.25
people,6,1317.05,0,0,8947.96,631,2156.06,72.8,1402.09,5.5,282148.41,37010.33,11804.21,2247.2,1829.27,97.25
permanency,10,0.178478,1,3.33,1714,594.4,323.08,96.89,127.87,32.75,261837.22,34863.8,27127.92,3996,1987.23,415.12
phlere,6,NA,0,0,6734.96,534.83,782.79,57.8,17.42,3.75,296465.41,37379.83,30388.68,4973.6,3345.87,324.5
pickle,6,2.73667,4,1.52,7083.54,560,1067.85,94,99.69,16,203850.59,30857.5,11074.83,2559,618.92,224
piscil,6,NA,1,0,3959.42,430.17,242.72,38,12.51,3.75,206638.97,35975.67,12746.18,2427.4,421.27,151.75
place,5,544.716,5,35.27,9698.03,383.2,1666.76,48,867.42,9.67,253664.31,34712.2,13609.16,2396.25,2325.51,323
plane,5,46.0474,6,121.43,10136.15,410.2,1154.37,53,389.32,12,287680.1,37964.4,27488.37,3694,1900,381.33
play,4,268.074,6,24.32,10051.06,158.5,781.22,19.33,329.47,3,177536.15,24131,10736.97,1808.67,2048.45,298.5
plays,5,41.7639,5,14.24,7024.83,550,748.95,37.5,329.29,10.67,194774.29,29478.8,8898.17,1473.75,1994.18,252.33
pledge,6,5.47333,2,0.57,5384.48,438.67,425.59,37.6,67.32,6.75,256935.74,35066.33,17681.38,3254.2,1779.74,309.5
pocorism,8,NA,0,0,4051.2,1001.12,533.24,118.57,72.07,18.5,219529.93,32355.62,18475.98,3139.29,792.66,292.33
polarize,8,0.237971,0,0,4517.6,1048.5,509.23,108.29,51.47,22.33,253252.32,34263.88,12949.54,2844.57,1054.4,426.33
pon,3,NA,19,22.83,11561.73,76.33,186.21,7.5,0,0,229473.5,29476.33,28489.23,4349.5,984.96,165
pop,3,36.4691,19,15.16,9722.7,73.67,178.98,8.5,36.47,1,160092.87,21922,8386.66,1581.5,317.87,72
potent,6,6.84167,1,4.28,7660.78,624.5,935.3,65.8,273.24,14.75,332347.26,38057.83,26574.68,4347.4,4918.3,769.5
power,5,328.043,10,16.03,10827.98,473.4,2363.01,79.5,462.16,12,251641.67,31462.2,25836.88,3692.5,2447.53,144.33
pretty,6,107.265,0,0,5145.11,535,497.91,53.8,125.13,7.25,284481.3,34095,18942.58,2804.4,1656.71,384
pumer,5,NA,1,0.83,8023.52,424.4,2310.56,75.5,7.42,3.33,212677.31,30457.4,24773.05,3941.5,703.64,169
purchase,8,20.4655,0,0,3197.91,810.25,310.68,71,63.24,8.67,245939.77,33165,20023.97,2075.57,1398.11,207
purshare,8,NA,0,0,3309.09,806.25,282.96,74.57,20.35,7.5,261722.36,35256.25,25182.58,3249.43,2091.99,228.17
qualify,7,7.3771,1,109.17,5467.58,835.71,600.23,77,147.84,17,164820.69,22304.14,10947.95,2123.17,1249.69,351.8
quen,4,NA,1,0.06,11843.34,155.25,3086.46,12.33,0,0,232480.16,30484.75,17431.46,2625.67,847.98,221
question,8,238.685,0,0,3701.74,849.12,1009.01,139.29,581.99,41.33,276798.49,36591.62,24807.14,5585.43,6226.06,1442.5
rackle,6,NA,4,7.79,7394.81,618.33,1203.04,101,89.14,15.25,243963.59,33628.33,12789.18,3002.2,1264.58,329.5
rebosks,7,NA,0,0,4907.17,885.71,424.88,67.33,3.91,3.2,244600.8,36222.29,13047.22,1948.5,79.34,55.8
recorse,7,NA,1,4.46,5869.39,686.57,1137.67,96.17,88.95,12.4,318837.76,44639.57,28366.03,4060.67,1650.06,370.2
red,3,174.79,13,38.28,17395.11,61.67,409.1,7,174.79,1,310199.65,41338.33,48719.15,7222.5,4310.91,829
reeh,4,NA,4,6.37,15933.54,185.5,2178.17,25.33,12.73,2,382544.17,44676,24605.25,2969.67,1323.39,157
repress,7,2.37971,3,1.75,6981.33,1155.43,847.6,133,217.97,30.8,304914.6,46233.29,29785.22,5486.83,3564.6,987.6
rescets,7,NA,0,0,6962.63,1179.43,1048.92,164.67,130.8,32,331679.09,46985.43,23258.59,4670.33,1630.57,423
resolve,7,11.1251,1,2.14,5148.44,692.71,680.53,87.33,77.58,10.2,297642.35,40781.71,24536.01,4240.67,1794.42,351.4
reverse,7,24.273,1,1.31,5883.22,676.14,1147.6,103.5,217.61,18,336359.59,46520.71,33614.45,4797.5,5293.48,863
ridicule,8,4.64044,0,0,2964.26,653.25,274.47,58.29,21.66,6,243254.32,36406.62,14883.13,3170,679.1,203.17
river,5,113.572,13,2.48,9134.78,408.8,3050.27,82,741.82,15.67,270728.78,39243.4,30391.44,5164.25,5375.67,720
ro,2,NA,18,1947.91,17531.2,9,0,0,NA,NA,283012.96,36335.5,21936.65,3583,NA,NA
roder,5,NA,6,5.41,10912.59,462,2495.11,79.75,358.72,8.67,299324.97,39337.2,28523.06,4924,1804.67,408.33
round,5,322.51,7,112.76,10897.17,380.8,3128.81,48,1062.88,9.33,227412.38,30244.8,30565.21,3014.5,4594.58,514
runey,5,NA,2,0.45,6883.19,489.6,435.96,38.25,140.82,4.33,249711.55,33854,11670.14,2093.75,520.96,95.67
ruticole,8,NA,0,0,3352.52,736.38,369.95,82.86,10.52,6.5,273688.78,36651.88,18447.71,3772.71,1169.69,305.5
sail,4,8.21,13,235.76,14690.67,253.25,2939.86,28.33,1518.11,7,280243.15,42622.75,12165.98,1751,2016.09,172.5
sain,4,NA,14,240.56,16616.33,252,3077.36,29.67,1630.76,5,309412.84,45008.25,33901.84,5212.33,4173.3,286
sausage,7,6.12775,0,0,5291.8,846.57,368.52,69.33,152.02,17,287745.56,40593.43,9420.82,1558.83,1066.6,146.2
scays,5,NA,10,1.95,7475.5,563.2,136.89,24,54.77,9.67,221124.34,35063.6,8137.57,1515.75,810.79,150.33
seadrill,8,NA,0,0,4612.76,1135.25,440.99,121.86,18.99,15,277701.38,40481.75,18383.4,2770,1741.18,229.33
seashell,8,1.48732,0,0,3692.36,948.75,399.81,101.57,33.42,15.67,317073.71,42708,36424.33,2840.71,2516.82,318.67
see,3,1061.35,17,294.59,32242.86,68.67,1426.78,8.5,1061.35,1,435433.07,59272.67,21706.71,2485.5,2672.59,111
serning,7,NA,2,12.97,10086.9,1325.86,3779.76,424.5,2103.57,216.8,284398.4,42366.57,37279.19,6458,7437.82,1671.8
she,3,4270.81,5,12506.35,51791.58,42.67,35002.79,2.5,4270.81,1,343239.13,42247,65285.91,2565.5,5645.87,481
sheas,5,NA,5,1.69,13070.9,601.8,3241.95,52,203.84,8,335044.91,43898.8,47103.88,2615.75,3858.3,393
shine,5,7.91254,11,5.28,15154.71,435.4,3375.13,62,514.57,13,324372.31,42804.2,36508.85,5366.5,3787.17,748.67
shink,5,NA,9,92.39,11744.96,352.8,3509.25,61.5,812.27,11.67,226342.35,31124.8,31381.22,4427.25,2966.13,410.67
shoes,5,67.8812,6,21.86,14934.74,753.8,1919.83,117,279.04,7.67,323314.04,42184.6,17899.04,4086,1271.9,130.33
sholt,5,NA,4,60.27,13257.08,379.2,1196.16,39,366.59,6.33,278757.02,32829.8,11962.3,1724.25,1462.95,193.33
short,5,194.363,7,21.49,12720.76,370.6,1409.26,44.5,387.81,9.67,293329.11,34832,20475.43,2490.25,2509.92,377
shotty,6,NA,4,1.5,6543.76,573.33,956.27,59.6,317.75,9,282613.76,30348.17,12415.44,1600.2,1060.25,146
shring,6,NA,6,17.87,7693.92,636.33,2352.99,171.4,1129.71,79,237914.8,34433.17,30537.32,5767.2,8419.55,2061.25
sick,4,70.6179,15,12.93,11996.14,200,1099.7,28.33,127.55,6,179232.1,31741.5,13078.67,2707.67,992.04,267.5
sids,4,NA,12,40.52,12179.16,283.5,590.05,23.33,225.95,3,249823.11,42828,10317.49,1677.33,1053.74,127.5
signal,6,35.8146,0,0,4939.34,512.83,643.07,49.8,62.93,5.75,248617.38,37679,12866.86,2329.4,1217.88,228
signaller,9,0.178478,1,6.54,2464.51,859.33,221.16,113.5,31.29,17.71,269547.76,39806.11,22257.83,3907.38,2567.93,455.29
sildal,6,NA,0,0,5008.71,535,637.42,57.2,41.9,4.75,242904.15,36836.83,15484.24,2296.6,604.65,73.75
sing,4,22.8452,13,22.71,11472,210.75,1539.67,36.33,141.24,6,234971.12,38710.75,43849.09,7863.33,16229.48,3779
sint,4,NA,13,20.08,18047.63,257,1878.5,35.67,50.12,5,312014.86,44093,41456.55,6757.67,4099.56,678.5
skateboard,10,0.713913,0,0,1181.48,540.5,62.73,39.67,9.19,9.38,277064.07,34585.6,14403.7,2657.11,1435.45,444.25
slace,5,NA,8,89.28,11040.22,444.4,1512.16,52.5,587.41,10,290694.41,41640.8,12109.69,2342,1448.11,233.67
slellen,7,NA,0,0,6023.68,1067.86,619.97,143.67,48.27,13,300447.98,43536,23273.31,4004.67,1430.33,306
slit,4,6.36572,12,12.78,13063.57,188.25,204.2,19,35.52,3.5,282845.18,41707.5,20253.64,3163,1861.74,389
snose,5,NA,1,1.01,10424.9,386.8,1560.39,35.25,475.74,7,331716.8,47483.2,13584.68,1736.5,1074.3,160.33
so,2,2825.31,22,1472.62,19024.17,12,2825.31,1,NA,NA,293426.4,42091,13512.11,1189,NA,NA
sobsaller,9,NA,0,0,2785.99,902.33,324.23,100.25,21.37,11.43,266992.06,38784.22,21399.97,3503.88,2002.07,378
some,4,1859.62,8,258.58,20314.5,293,4333.79,23,2552.5,3.5,302714.54,40600.5,19781.55,1952.67,5221.76,250
soth,4,NA,5,124.68,15439.47,224.5,3828.77,21,311.71,2.5,305936.4,33700.25,51868.78,1583.33,2523.71,129.5
sould,5,NA,5,1002.49,12939.43,462.6,5076.85,35.5,3352,5.33,208242.01,30638.6,19529.51,1709,4307.87,75.67
space,5,128.147,6,7.87,10327.01,402.6,1290.64,40.25,387.58,8,272401.78,39016.6,11670.99,2016,1148.37,188.67
spat,4,7.43659,12,12.1,15729.69,187.25,4925.05,17.33,11.42,3.5,279067.98,36800.5,20033.97,3540.33,707.93,235.5
special,7,195.255,0,0,5340.13,811.43,711.48,65.17,292.5,10,262496.34,38974.43,12830.19,2449,1952.62,269.4
spell,5,20.763,5,22.08,8911.75,314,964.56,35,206.54,6.67,240733.66,37853.4,14696.35,2540.75,1966.87,339.33
speveal,7,NA,0,0,4237.28,628.71,602.71,62.17,78.82,4.8,282546.74,38701.57,19048.29,2585.67,2428.6,169.6
sphere,6,14.3378,0,0,6415.03,512.33,909.31,68.4,105.75,3.75,312079.97,40966.83,49430.62,4688,7523.7,427.5
spoll,5,NA,4,9.64,8091.43,328.8,904.87,31.75,66.77,5.33,201101.61,31821,11779.8,2112.75,1261.42,275
spring,6,73.1761,6,7.91,7036.85,608.33,2115.84,166.2,1152.6,77.5,210226.79,35071.5,30583.7,5952.2,8862.2,2138.25
spu,3,NA,3,3.39,4954.7,24.33,4.91,1,0,0,153402.7,28526,4464.42,1064.5,75.38,47
spuer,5,NA,0,0,10510.07,443.2,2114.53,68,3.19,2.67,244878.84,37682.2,19456.06,3469,48.37,38
spy,3,8.32899,7,123.17,5230.05,37.67,9.07,1.5,8.33,1,140683.87,25387.67,3018.81,766.5,12.73,8
stail,5,NA,5,4.37,7826.2,342.8,1645.17,42.5,369.59,11.33,302632.21,41742.6,19024.98,3410.75,2655.02,420.33
stain,5,7.3771,6,14.16,8123,342,1814.98,44.75,719.01,13,325967.96,43651,35326.88,6006.75,4093.16,496
stamp,5,13.8023,4,2.66,5979.19,303.8,1207.11,44,366.59,10.67,243798.21,32389.6,15736.9,3160.75,1983.75,371.67
stass,5,NA,5,13.36,9933.87,610.2,1634.09,47.5,500.57,10.67,313029.85,46543,23152.25,3934.75,2570.05,449.33
ston,4,NA,4,117.53,9948.76,138.75,498.49,12.67,87.45,1,316439.86,40323.5,39935,5225.33,1410.87,350.5
stop,4,173.243,5,34.37,6616.65,131,359.4,12,175.27,2,264404.39,34657.75,26533.29,3380,1430.5,276
strange,7,103.041,0,0,5338.61,678.14,631.63,90.67,178.25,13,310373.34,41341.57,29299.58,5052,3000.68,701.8
strarms,7,NA,0,0,5651.95,976,491.42,76,93.87,9.8,269991.63,39329.86,17129.41,3488,1988.2,444.4
streat,6,NA,3,102.05,6344.83,573.67,954.82,61.8,386.76,14.5,365678.36,45338.33,34781.4,5342.2,4178.67,575.25
street,6,261.768,0,0,9622.83,918.67,1218.66,82.4,471.75,13.75,388929.34,48936.83,26547.12,4117.6,2509.84,422
strong,6,167.948,3,9.8,6617.06,525.17,1725.78,111.8,354.68,14.25,265445.47,36224.33,30270.55,5579,2397.72,470.25
strosh,6,NA,0,0,5578.71,450,942.02,62,327.69,11.75,288395.4,37505,18083.6,3394,1634.01,401
sudsage,7,NA,0,0,4767.65,730.57,456.99,60.17,139.75,14.6,256978.77,37636.14,7160.68,1256,708.38,118
sun,3,155.217,17,34.55,8546.83,61.33,352.29,7.5,155.22,1,222783.33,36080.33,10823.43,1935,377.07,97
swane,5,NA,3,1.65,10625.13,424.6,553.4,40.5,23.62,8.33,309166.29,40011.2,27090.5,2854.5,645.77,138
swollen,7,13.5643,0,0,5852.43,1012.29,508.95,126.67,48.56,10.2,261036.58,35740.14,18991.17,2951.33,979.41,244
take,4,745.563,14,76.3,25445.82,263.75,2289.78,22.33,1257.97,5.5,331597.83,37164,10029.05,1702.67,2316.89,176.5
tascer,6,NA,1,0.48,8656.38,932.83,1796.71,178.6,31.53,5.25,319753.49,42739.5,27018.32,4151,524.95,162.75
tate,4,NA,17,79.59,27418.64,283.5,987.62,28.67,281.64,5.5,421860.85,45450.25,31178.5,5997.33,4760.82,1529
te,2,NA,15,3192.08,23940.56,7.5,0,0,NA,NA,456737.32,50848,33396.19,7530,NA,NA
telechinct,10,NA,0,0,1662.57,555.5,270.63,67.56,40.8,10.12,306711.58,37767.5,26479.93,4374.33,2017,338.75
telescoped,10,0.297464,1,1.73,1868.34,710.6,356.96,121.67,42.17,12.62,307456.77,40221.2,22309.29,4972.89,1369.28,393.25
testify,7,5.23536,1,1.13,7507.71,972.14,926.78,135.33,129.47,32,292771.24,36587.29,23677.95,5892.83,2295.93,815.6
tfaer,5,NA,0,0,11729.74,415.2,1843.47,46.75,0,0,326597.84,38161,17921.16,3016.5,13.31,17.67
tha,3,NA,4,15387.26,45544.82,28,30729.75,1.5,0,0,339557.71,30834,82468.92,1939,13298.77,77
thank,5,69.4875,3,267.28,11851.94,306.2,3472.52,46.25,100.11,8.33,267305.54,27293.8,57937.06,2530.25,6097.57,223.33
thantboard,10,NA,0,0,1021.82,453.1,136.38,49.78,11.11,9.62,287810.23,31594.4,34092.53,2483.56,3173.94,304.25
the,3,61445.7,5,866.51,70679.83,39.33,63586.7,2,61445.7,1,386059.67,38031,121677.52,2407,85471.41,582
them,4,2305.28,7,937.83,24886.27,138.25,13599.42,14.33,5587.55,4,315224.54,32209.75,84955.59,2144,44210.14,342
then,4,1820,7,1621.7,26564.78,150,15803.83,17,6625.17,3.5,361224.3,38245.75,96057.69,3631.33,45125.65,358.5
ther,4,NA,6,1478.76,24363.33,137,13377.79,17.33,4434.85,2.5,350269.73,38363,102910.95,5280.33,51261.46,641.5
think,5,800.297,6,98.75,12564.75,285.4,5784.17,50.75,1278.96,10.33,252034.67,28595.2,59577.02,4348,5663.49,330.67
through,7,956.346,0,0,3960.19,439.43,1183.65,34,972.23,7,235648.79,24408.71,34711.28,1756.5,3336.75,221.6
tice,4,NA,13,152.6,24574.73,236,1303.63,18.67,89.03,4,333884.97,43178.75,22620.65,4796.33,2987.79,621.5
time,4,1770.21,10,5.6,24790.78,235.75,3582,18.33,1777.91,3,330404.94,41208,23338.23,4191,3055.73,222.5
timelly,7,NA,0,0,4563.06,683.43,679.21,85.17,120.48,9.4,248778.17,33227.71,20908.4,3681.67,2682.97,404.8
tister,6,NA,6,15.39,8891.01,912.5,2369.79,226.6,605.93,41.5,352952.64,46422.83,39643.59,7633.4,4694.13,1190
tok,3,NA,10,141.97,30822.34,58.33,709.84,5,0,0,248816.93,25537,21356.23,1305.5,17.07,19
totoseneian,11,NA,0,0,1089.58,477.36,52.28,30.5,5.94,4,363415.53,44449,27439.77,2961.3,1021.48,213
toy,3,13.8618,16,122.2,33128.99,70.67,858.18,8,13.86,1,265020.97,26866.67,20211.59,1240,32.19,4
tried,5,215.066,8,14.52,13746.16,493.6,1586.39,106.5,363.54,14.67,325642.67,42125.4,20760.49,4757.5,2258.33,521.33
trood,5,NA,2,4.11,9591.27,336.4,1053.69,46.5,165.67,7.33,289550.63,33077.4,12642.6,2235.5,1668.41,305.67
truck,5,25.7604,4,22.22,8628.03,258,768.08,39,131.86,6.33,180153.79,24753.6,6846.41,1635.25,767.97,200.33
trull,5,NA,3,13.52,9914.72,293.6,2182.67,36,116.05,4.33,218614.46,30951.6,12342.43,2279,888.5,207.67
twew,4,NA,2,0.09,15418.14,115.75,318.42,10.67,0,0.5,274528.62,27893.5,7068.23,507.67,494.8,21.5
two,3,1346.02,2,527.52,24957.76,26,1346.02,1,1346.02,1,269211.45,25491,6074.42,397,1393.02,32
ud,2,NA,10,445.52,2227.59,5,0,0,NA,NA,142158.89,19831.5,2390.89,608,NA,NA
uffive,6,NA,0,0,4674.67,343,285.65,16.6,101.91,4.75,195902.93,25285.67,9923.31,1358.4,1866.59,341
ujst,4,NA,0,0,9767.95,102.75,2040.24,14.33,0,0,194825.52,27160.5,11207.03,2200,0,0
umly,4,NA,1,24.27,6268.11,84.5,646.57,4,0,0,117603.02,17910.25,6786.83,1613,49.11,10.5
underchime,10,NA,0,0,2111.16,626.6,443.46,90.56,148.3,28.62,262599.7,34302.2,26010.28,3353.33,2807.49,482.38
understand,10,188.949,0,0,2339.42,681.4,583.71,107.56,288.82,32.88,282604.87,37243.3,35293.35,4667,7574.72,886
unger,5,NA,2,312.55,7734.2,298,2294.34,60.5,60.07,3.67,250564.55,35379.4,31806.4,5888.75,1679.56,310
uoy,3,NA,6,49.45,11572.75,59,148.35,3,0,0,173593.15,20286.33,791.7,213.5,7.32,9
up,2,2509.11,11,174.75,3470.25,6.5,2509.11,1,NA,NA,98240.63,17354,5390.88,667,NA,NA
upending,8,0.118986,2,23.89,4044.73,999.88,1754.48,422.86,1004.14,225.33,230882.02,32778.38,34168.31,5208.14,6602.41,1508.83
utashing,8,NA,1,0,4051.46,1033,1730.09,422.43,1015.43,229.5,259557.82,33228.25,31976.2,4639.86,6372.15,1428.67
vesural,7,NA,0,0,4532.44,537.71,787.65,65.17,260.57,7.8,248395.65,35578.57,23133.33,4772.5,1379.47,244.6
vlei,4,NA,0,0,7328.18,100.25,35.58,6.33,0,0,259470.88,36711.75,10898.16,1988.33,21.3,14.5
vosery,6,NA,0,0,5761.35,557.33,564.84,73.6,31.69,7,245319.88,33619.33,22416.85,3474,1917.17,203.75
waay,4,NA,3,3.75,21917.68,237.5,902.17,17.67,0,0,233907.27,24442.75,9847.72,569.67,0,0
want,4,604.922,13,63.38,22579.96,269.5,2200.56,38,607.27,4,288251.72,30983.5,37799.83,3807.67,2666.32,532.5
wared,5,NA,15,5.85,12414.78,538.6,1729.81,118.5,97.71,16.33,280939.84,34167.4,37580.76,5076.75,4508.44,454
warpen,6,NA,3,4.4,8652.25,895.67,892.89,106.2,67.03,8,267263.48,34128.67,22648.82,3034.2,1054.15,187.25
wase,4,NA,15,44.32,24775.83,279,1648.98,31.33,261.38,3.5,314778.32,40291.5,26820.91,2370.33,6435.37,142
wass,4,NA,13,33.65,18721.27,313.25,1649.73,32.33,132.34,4,250388.47,37140.5,21338.1,2364.33,6884.66,284.5
watch,5,110.597,8,22.42,8513.32,311,1819.15,52,403.74,11.33,245526.46,24014,21160.59,2890.25,945.26,232.33
waves,5,35.2197,19,8.15,11796.13,714,1903.81,123.5,188.77,17,260049.03,33360.2,23199.38,4132.25,2686.63,232.67
wawed,5,NA,12,3.2,10962.93,475.4,1117.2,89,10.65,8,250823.84,27283.4,19200.46,2379.25,261.23,49.67
ways,4,149.089,16,54.2,16416.82,283,1221.8,23,570.54,6.5,204393.89,26689.5,10967.47,719.67,2454.82,150.5
we,2,3317.08,11,1608.93,12166.18,6.5,3317.08,1,NA,NA,306803.05,34206.5,14486.49,789,NA,NA
went,4,693.21,18,93.33,21234.43,228.25,3338.5,27.33,1131.46,6.5,323128.19,36381.25,29503.45,3852.67,7801.91,1046.5
wews,4,NA,12,16.21,15234.23,248.75,2147.27,19.33,96.23,3.5,242413.21,31055.5,6553.94,526.33,209.35,40.5
whose,5,229.285,5,261.19,14371.94,316.6,3560.31,42,1066.43,7.33,289032.66,32998.4,18913.09,1841.25,3377.37,146.67
will,4,2105.87,17,96.28,16600.78,191.25,6173.81,38.33,2328.16,8.5,184456.21,28006.25,16563.03,2125,3844.84,319
winner,6,10.5302,5,35.8,8338.3,876.5,2087.46,200.4,256.19,24.5,289228.07,38990.33,36847.78,5923.4,1244.78,276.25
winter,6,81.981,3,3.73,8651.08,900.17,2562.65,228.8,561.95,35.75,306806.45,38879,44301.52,7379.6,5188.78,1060.75
wirtoul,7,NA,0,0,5240.62,653.14,658.95,70,5.6,3.2,234843.53,30293,21146.15,1852.33,1418.94,80.2
wist,4,NA,11,41.52,21253.82,207.75,5694.98,28.33,134.81,4,263415.29,35605.25,27151.88,4031.67,2356.09,735
without,7,595.76,0,0,4289.33,534.14,979.19,55.83,625.08,9.4,266836.87,27709,42902.27,2175.5,6647.61,244.4
wndo,4,NA,1,4.05,9034.57,74.25,18.11,3,2.02,0.5,217144.23,24580.75,19114.12,1313.67,393.34,68
woft,4,NA,6,14.55,19894.93,221.5,701.84,14,41.91,1,225617.16,21085,15330.5,401.33,309.87,23.5
wood,4,66.8104,11,131.96,18422.01,228.5,2354.92,30.67,687.32,5,226246.18,23186.25,8607.57,1021.33,1296.61,169
work,4,800.297,9,52.08,17643.94,237,2421.1,28.33,1034.67,5.5,172370.55,20671.75,16610.12,1726,2685.47,226
wread,5,NA,4,23.46,10739.37,311,1193.34,36.5,446.33,8.33,280939.84,34167.4,24907.43,2939.75,3445.74,358
wto,3,NA,3,1585.56,9067.75,20.67,0,0.5,0,0,269211.45,25491,19606.19,1131.5,10.05,9
if,2,2869.34,7,9813.77,37217.52,4.5,2869.34,1,NA,NA,200130.14,28128.5,6793.9,931,NA,NA
yammering,9,0.0594928,1,5,3631.15,1035.44,1319.36,400,635.94,219,234145.66,31916.33,29968.56,5295.12,5530.17,1386.57
yes,3,384.383,5,96.57,13707,46.33,625.8,3.5,384.38,1,288253.84,41136.67,20102.51,6058,874.25,26
yos,3,NA,9,747.24,18576.92,55.67,3170.37,4,0,0,222200.43,31082.67,9145.94,872.5,1.07,1
you,3,6334.67,4,0.18,13540.51,48,6335.03,3,6334.67,1,173593.15,20286.33,25312.53,1668,8726.22,25
ypla,4,NA,0,0,3890.02,77.25,1.07,1.67,0,0,177536.15,24131,7674.41,1658.33,1516.5,218.5
zembering,9,NA,0,0,3916.68,1045.56,1282.83,399,632.48,218.14,237059.67,33082,29828.99,5262.38,5778.1,1391.14
in.,2,18707,9,3654.57,35152.56,5.5,18707,1,NA,NA,296072.09,43640,79789.4,12894,NA,NA
xIf,2,2869.34,7,9813.77,37217.52,4.5,2869.34,1,NA,NA,200130.14,28128.5,6793.9,931,NA,NA