"","mse","info","sd","r.wj.1","r.wj.2","r.wj.3","min.wj","max.wj","mean.wj","length.diff","listnum"
"1",0.0020812622337597,6.89512539710219,4.53578314236743,0.847291879412856,0.836338421512425,0.848093047564374,0.836338421512425,0.848093047564374,0.843907782829885,5,"101"
"2",0.00278950415422279,6.90475618221997,4.67864133168398,0.873470711197028,0.840771959483114,0.877991704135478,0.840771959483114,0.877991704135478,0.86407812493854,7,"172"
"3",0.00318929382363383,6.90181535824395,4.6568032773057,0.859359863942527,0.854889818741789,0.85321480631717,0.85321480631717,0.859359863942527,0.855821496333829,5,"89"
"4",0.003264861627933,6.89794607636722,4.65434756275805,0.826832488321912,0.867006174985305,0.868657904851735,0.826832488321912,0.868657904851735,0.85416552271965,5,"107"
"5",0.00353963848454542,6.89763585737314,4.63445253732862,0.820377081840631,0.860587933453707,0.869891058935575,0.820377081840631,0.869891058935575,0.850285358076638,5,"150"
"6",0.00363720101752361,6.90713070037573,4.80830351089947,0.871550498302823,0.82733662685376,0.864197861718821,0.82733662685376,0.871550498302823,0.854361662291801,5,"173"
"7",0.00381295259055697,6.90312071133183,4.75900453898327,0.843540956030502,0.829670442710674,0.887086874413211,0.829670442710674,0.887086874413211,0.853432757718129,5,"97"
"8",0.0040867650532413,6.89971817297558,4.61082731566097,0.86871899538634,0.834621118826716,0.868892026418533,0.834621118826716,0.868892026418533,0.857410713543863,7,"176"
"9",0.00415648826459384,6.8988582821832,4.6881968294256,0.845449696272526,0.854438815652645,0.876522767073655,0.845449696272526,0.876522767073655,0.858803759666276,5,"75"
"10",0.00417920665809237,6.9048168912652,4.74924235238422,0.851022658892435,0.873146840726253,0.840996624526214,0.840996624526214,0.873146840726253,0.855055374714967,7,"125"
"11",0.00426474781694887,6.89851664465434,4.68494704481429,0.865264141814916,0.863466350324953,0.846013732097862,0.846013732097862,0.865264141814916,0.85824807474591,5,"182"
"12",0.00430874796249585,6.90589623065097,4.7596992170338,0.858566992969672,0.874160739505053,0.83951927704209,0.83951927704209,0.874160739505053,0.857415669838938,5,"186"
"13",0.00478616901014077,6.90066192193985,4.59953897785759,0.859565221789436,0.844837796247538,0.86725770097387,0.844837796247538,0.86725770097387,0.857220239670281,5,"203"
"14",0.00480238053723415,6.89672556209622,4.61778386191983,0.855917102276993,0.83347651884528,0.884034336946857,0.83347651884528,0.884034336946857,0.857809319356377,7,"59"
"15",0.00518020187729794,6.8948620093343,4.58763500036066,0.869522955771689,0.820921016726006,0.858297784610003,0.820921016726006,0.869522955771689,0.849580585702566,7,"15"
"16",0.00520801867396934,6.90170811943235,4.69567575323499,0.846665330114881,0.872429514002939,0.853264094001763,0.846665330114881,0.872429514002939,0.857452979373194,5,"39"
"17",0.00526970641127116,6.90777588702296,4.73332300450266,0.84833951569409,0.85884510130286,0.843064145649576,0.843064145649576,0.85884510130286,0.850082920882175,7,"242"
"18",0.00530136922567321,6.90435117910382,4.73294135964288,0.856572353662735,0.837734378027095,0.881240004035669,0.837734378027095,0.881240004035669,0.858515578575167,5,"167"
"19",0.00541159989122651,6.90377263460464,4.72679555107991,0.86783675523461,0.862624234674058,0.855964884090303,0.855964884090303,0.86783675523461,0.862141957999657,7,"48"
"20",0.00545081515248737,6.89179076876163,4.62602855649186,0.856238533126787,0.846569890165231,0.879338993827377,0.846569890165231,0.879338993827377,0.860715805706465,5,"68"
"21",0.00546260499243398,6.90008644232569,4.6578491569596,0.874483299297208,0.813579862587693,0.870723831221894,0.813579862587693,0.874483299297208,0.852928997702265,5,"24"
"22",0.00546620738118328,6.90540172530471,4.70666757807081,0.835997842055872,0.884331592303092,0.849456418319534,0.835997842055872,0.884331592303092,0.856595284226166,7,"146"
"23",0.00550429015507652,6.89395473108192,4.60027531862877,0.852415772589866,0.862615862644081,0.873632376807361,0.852415772589866,0.873632376807361,0.862888004013769,5,"151"
"24",0.00563659433629047,6.90261906931361,4.67174609497683,0.881118149392907,0.868136212834338,0.830925484743487,0.830925484743487,0.881118149392907,0.860059948990244,5,"60"
"25",0.00573931127479718,6.90735685188328,4.80115006938365,0.863126372952753,0.833095715282066,0.866776482695902,0.833095715282066,0.866776482695902,0.854332856976907,5,"110"
"26",0.00574891095343444,6.90240419476127,4.74834268483562,0.862212951623335,0.844581233134462,0.871818057955765,0.844581233134462,0.871818057955765,0.859537414237854,5,"206"
"27",0.00580650834401888,6.89384529970487,4.60934379569154,0.853246218367793,0.819234690784033,0.865627164989884,0.819234690784033,0.865627164989884,0.846036024713903,5,"249"
"28",0.00585640414370864,6.90416736766147,4.80573872560015,0.880592891470073,0.816216754791645,0.860770423182244,0.816216754791645,0.880592891470073,0.852526689814654,5,"124"
"29",0.00592170094672168,6.90488373736972,4.74502232105345,0.863686681794437,0.836921101945217,0.872800678391528,0.836921101945217,0.872800678391528,0.857802820710394,5,"116"
"30",0.00600418704855579,6.90598838191164,4.74639466789858,0.823984072890149,0.876912052555388,0.830797834211745,0.823984072890149,0.876912052555388,0.843897986552427,5,"14"
"31",0.00601710441822809,6.90416160932311,4.7523151183066,0.824248941107138,0.889043394872636,0.856514649422453,0.824248941107138,0.889043394872636,0.856602328467409,7,"244"
"32",0.00626389817215599,6.90006147014932,4.65600262032104,0.828462516082568,0.862935076852504,0.860941222334105,0.828462516082568,0.862935076852504,0.850779605089726,7,"120"
"33",0.00627603961880135,6.90321886744547,4.75150636937905,0.843703308602851,0.856825056630174,0.852975109599416,0.843703308602851,0.856825056630174,0.851167824944147,5,"194"
"34",0.00630553401642644,6.89906752979779,4.61607586934781,0.861641955859518,0.846645352482772,0.850549071843609,0.846645352482772,0.861641955859518,0.852945460061966,7,"205"
"35",0.00640371954462505,6.90417550887703,4.67425425336434,0.838833477789734,0.88805882937628,0.847972533533809,0.838833477789734,0.88805882937628,0.858288280233274,5,"174"
"36",0.00656700420853189,6.89932747166187,4.59498215616411,0.881032612335979,0.867061198093503,0.830929604278518,0.830929604278518,0.881032612335979,0.859674471569333,5,"105"
"37",0.0066442179491891,6.90753672112262,4.74162166044991,0.840901475057168,0.858603693729128,0.848017083669713,0.840901475057168,0.858603693729128,0.849174084152003,5,"222"
"38",0.00678639534179105,6.90359684169914,4.79057514217812,0.859788209000903,0.862031974092273,0.824726616418575,0.824726616418575,0.862031974092273,0.848848933170584,7,"131"
"39",0.00686459393770923,6.90699210749891,4.75892564097414,0.851200859188175,0.877807844371086,0.855622205880562,0.851200859188175,0.877807844371086,0.861543636479941,5,"13"
"40",0.00703763825864748,6.89819496551964,4.68455509180581,0.824259549048907,0.88196579720479,0.882043113600696,0.824259549048907,0.882043113600696,0.862756153284798,5,"126"
"41",0.00716441068497447,6.89779397116224,4.63146562525891,0.842764401283289,0.884451574395586,0.854500300460403,0.842764401283289,0.884451574395586,0.860572092046426,5,"11"
"42",0.0071714143974082,6.90320292721741,4.75869900944211,0.848457733082474,0.847571582885692,0.884443179500568,0.847571582885692,0.884443179500568,0.860157498489578,5,"85"
"43",0.00722871853911862,6.90180904550589,4.65261635767756,0.827829095841234,0.860836420743848,0.858970728452809,0.827829095841234,0.860836420743848,0.849212081679297,5,"43"
"44",0.00726747730205732,6.90012798198099,4.60835511631064,0.871472125891583,0.843602806326453,0.823595765420826,0.823595765420826,0.871472125891583,0.846223565879621,5,"170"
"45",0.00735672818770406,6.90229321645825,4.62458152132662,0.851407939992778,0.853133641737673,0.87852876218372,0.851407939992778,0.87852876218372,0.86102344797139,5,"16"
"46",0.00790200344851168,6.90334903941147,4.66020230814329,0.878915730790814,0.842352359164802,0.821135024514912,0.821135024514912,0.878915730790814,0.847467704823509,7,"188"
"47",0.00808848080915875,6.90281298030649,4.7145050233236,0.869919772714844,0.850057841818637,0.845297188333064,0.845297188333064,0.869919772714844,0.855091600955515,7,"228"
"48",0.00812656128111033,6.90829473020143,4.82180961167766,0.878141436798772,0.849350269320258,0.867397115695705,0.849350269320258,0.878141436798772,0.864962940604912,5,"144"
"49",0.00831005344847811,6.90131209535838,4.71013331671233,0.86611200504736,0.845709292358925,0.854882522363246,0.845709292358925,0.86611200504736,0.855567939923177,7,"40"
"50",0.00832740234450721,6.8870390390965,4.72730227438262,0.806594960680469,0.864051833435127,0.889373282682755,0.806594960680469,0.889373282682755,0.85334002559945,7,"62"
"51",0.00841509363963626,6.89660965139449,4.57858967193149,0.846805904656719,0.850699608576833,0.87090875977685,0.846805904656719,0.87090875977685,0.856138091003467,5,"147"
"52",0.00868999027560882,6.90595808520571,4.84675735122732,0.86632106732217,0.845568935870463,0.847846091645662,0.845568935870463,0.86632106732217,0.853245364946098,5,"137"
"53",0.00880284234909157,6.90119576972988,4.65046906949865,0.844508524054373,0.853380571750298,0.86287312565855,0.844508524054373,0.86287312565855,0.853587407154407,7,"195"
"54",0.00889684821097948,6.90537632178356,4.71277417329983,0.885323820599632,0.848477273905971,0.841221084050004,0.841221084050004,0.885323820599632,0.858340726185202,5,"80"
"55",0.00905393431832799,6.9040432417627,4.69769625584383,0.829939767066955,0.875566902115366,0.865586059169236,0.829939767066955,0.875566902115366,0.857030909450519,7,"130"
"56",0.00910607385008704,6.90274266924663,4.61795443364924,0.873161129837153,0.846969453472748,0.850375697694129,0.846969453472748,0.873161129837153,0.856835427001343,5,"27"
"57",0.0091067149949174,6.90383869716244,4.77318328478799,0.836894403172145,0.86483597823222,0.86735519678309,0.836894403172145,0.86735519678309,0.856361859395819,5,"37"
"58",0.00929499856751908,6.90181434019145,4.80186438475398,0.857565422432967,0.853377722341578,0.867457950286129,0.853377722341578,0.867457950286129,0.859467031686892,5,"73"
"59",0.00934431979471747,6.90243429969045,4.67736855885179,0.832603806920509,0.848808781004846,0.857240445658918,0.832603806920509,0.857240445658918,0.846217677861424,7,"103"
"60",0.00938006248215059,6.90348313159415,4.74125303751725,0.853956386075429,0.871883589246238,0.834426412272065,0.834426412272065,0.871883589246238,0.85342212919791,5,"38"
"61",0.0094206557032474,6.90201439021691,4.7527475657864,0.845574898316133,0.853601927205368,0.871514094117566,0.845574898316133,0.871514094117566,0.856896973213022,5,"210"
"62",0.00946012693558408,6.90205221861837,4.76387156445134,0.873206664345872,0.863393373861403,0.837078592532798,0.837078592532798,0.873206664345872,0.857892876913357,5,"88"
"63",0.00951592535519494,6.89860535240924,4.63442530061851,0.849595616518795,0.836113279171025,0.893388693660125,0.836113279171025,0.893388693660125,0.859699196449982,5,"142"
"64",0.00961201309263846,6.90128263558198,4.61768070371718,0.845377523682919,0.83957490271286,0.881577594890574,0.83957490271286,0.881577594890574,0.855510007095451,5,"226"
"65",0.00961533132668148,6.90169841147607,4.70380983514563,0.830069314331969,0.832075473535606,0.861473885204306,0.830069314331969,0.861473885204306,0.841206224357294,5,"22"
"66",0.00968408514666792,6.90273090177963,4.65749297018471,0.854571317775139,0.860507969168123,0.847085011981392,0.847085011981392,0.860507969168123,0.854054766308218,5,"229"
"67",0.00974427707794026,6.90639328899956,4.83072227089836,0.836356172196017,0.839758441258116,0.865985866446765,0.836356172196017,0.865985866446765,0.847366826633633,7,"66"
"68",0.00992707926336529,6.8995252097843,4.57613270536432,0.843631361374336,0.852186363365708,0.866876903454804,0.843631361374336,0.866876903454804,0.854231542731616,5,"41"
"69",0.0100844132415997,6.90406650251285,4.75133264234116,0.80764481116404,0.888808162632866,0.877996345461879,0.80764481116404,0.888808162632866,0.858149773086262,7,"216"
"70",0.0101173597933392,6.9026703129761,4.72916764537164,0.846293416380817,0.854221191252929,0.876220498658595,0.846293416380817,0.876220498658595,0.858911702097447,5,"92"
"71",0.0101657009631155,6.91247324351808,4.8771101736303,0.869021682096136,0.800302756665364,0.883480860829453,0.800302756665364,0.883480860829453,0.850935099863651,5,"233"
"72",0.0102051133990466,6.89839165938788,4.59526227720446,0.845979986608809,0.86365439247816,0.859543259685336,0.845979986608809,0.86365439247816,0.856392546257435,7,"33"
"73",0.0102116956269632,6.90676363758889,4.70184779578713,0.871019697987484,0.836651161753913,0.858801977146445,0.836651161753913,0.871019697987484,0.855490945629281,5,"248"
"74",0.0102486130965244,6.90688842174474,4.75661547817466,0.85811398067604,0.864158471789425,0.854856034277914,0.854856034277914,0.864158471789425,0.859042828914459,5,"44"
"75",0.0102775949841204,6.89292608031307,4.68899158574801,0.859538357787315,0.894655276064617,0.828215552322283,0.828215552322283,0.894655276064617,0.860803062058072,7,"118"
"76",0.0104267514512946,6.89991988256055,4.64285703077537,0.816878144905303,0.86544372514499,0.853651310970066,0.816878144905303,0.86544372514499,0.845324393673453,5,"17"
"77",0.010562218338367,6.89943545686408,4.76092330792941,0.857398793664799,0.858162306335322,0.851460239023761,0.851460239023761,0.858162306335322,0.855673779674627,5,"30"
"78",0.0106667825246631,6.89960362126661,4.71494331098747,0.863804877219058,0.815975130526893,0.871090006384326,0.815975130526893,0.871090006384326,0.850290004710092,5,"198"
"79",0.0108971385958642,6.90508405425748,4.69929584820307,0.821982048752582,0.891579299723794,0.839988487045756,0.821982048752582,0.891579299723794,0.851183278507377,5,"12"
"80",0.0109313202466794,6.89739737254162,4.58703697545674,0.812962856508944,0.883502970914158,0.850534835677832,0.812962856508944,0.883502970914158,0.849000221033645,5,"71"
"81",0.0109507695763433,6.90589250029836,4.79003126848458,0.812814149133681,0.848137487343956,0.891614632145623,0.812814149133681,0.891614632145623,0.85085542287442,5,"29"
"82",0.0109817603926657,6.89919089181549,4.67796769416066,0.832152479511343,0.858389358431647,0.860952711987149,0.832152479511343,0.860952711987149,0.850498183310046,5,"161"
"83",0.0110013338949241,6.90884961815688,4.81828005713263,0.852465260471628,0.880498662859171,0.858375263214379,0.852465260471628,0.880498662859171,0.863779728848393,5,"9"
"84",0.0112757221468679,6.89865859697742,4.78895555716684,0.813305013619207,0.875661494184739,0.856569660849743,0.813305013619207,0.875661494184739,0.848512056217896,7,"87"
"85",0.011339999534541,6.89614224703935,4.6054949201156,0.86481961617864,0.837846223324528,0.8289315150382,0.8289315150382,0.86481961617864,0.843865784847123,5,"3"
"86",0.0114132078898631,6.89913324324222,4.59836764196525,0.873907032394424,0.857685728781889,0.843166144538283,0.843166144538283,0.873907032394424,0.858252968571532,5,"239"
"87",0.011460967202472,6.88959198218367,4.67890005074093,0.852359953936675,0.836953113176311,0.854253516627867,0.836953113176311,0.854253516627867,0.847855527913618,5,"225"
"88",0.0115370973498703,6.90116746429666,4.70001785752303,0.871736262285417,0.857387049395688,0.816068339052897,0.816068339052897,0.871736262285417,0.848397216911334,5,"160"
"89",0.0115730069147891,6.89975932839567,4.68773063180674,0.838302527829125,0.855832544335318,0.867472122309022,0.838302527829125,0.867472122309022,0.853869064824488,5,"127"
"90",0.0117688801981375,6.90503175760546,4.76956516103011,0.831070608790225,0.879893190885908,0.850971907500082,0.831070608790225,0.879893190885908,0.853978569058738,5,"25"
"91",0.0118437817042374,6.89671593790906,4.62898715930704,0.853817138246474,0.836610573006831,0.862917645232611,0.836610573006831,0.862917645232611,0.851115118828638,7,"55"
"92",0.0119896153622631,6.89607781703577,4.57604177943827,0.870210808774475,0.842504064986319,0.845808788855331,0.842504064986319,0.870210808774475,0.852841220872041,7,"196"
"93",0.0120342872576984,6.89941411634284,4.57947319242999,0.869322170443511,0.870734772156027,0.841422677707726,0.841422677707726,0.870734772156027,0.860493206769088,5,"93"
"94",0.0121071053180914,6.8964986066519,4.5836551050204,0.842838022633991,0.862274772484759,0.828089206181048,0.828089206181048,0.862274772484759,0.844400667099933,7,"128"
"95",0.0121876991986642,6.89981326789907,4.67360544907953,0.862348034118307,0.83128252921562,0.833891965713006,0.83128252921562,0.862348034118307,0.842507509682311,5,"157"
"96",0.0124634714541438,6.90036463431813,4.67894919504797,0.843680651340501,0.852912556930444,0.850918392149458,0.843680651340501,0.852912556930444,0.849170533473468,7,"112"
"97",0.0124905693150961,6.90399166317049,4.78238638932093,0.871766073974547,0.851919758469733,0.834924785778641,0.834924785778641,0.871766073974547,0.852870206074307,5,"76"
"98",0.0125576934988254,6.89760711240483,4.63082366895647,0.856168421500379,0.840095299644814,0.860332452024582,0.840095299644814,0.860332452024582,0.852198724389925,5,"47"
"99",0.0125615948929887,6.90259817907307,4.62838180516405,0.861974416705855,0.852349948338773,0.831767479315955,0.831767479315955,0.861974416705855,0.848697281453528,5,"246"
"100",0.0125905566206676,6.89921148958561,4.62701064205761,0.814061837009023,0.845854073702824,0.886466750522043,0.814061837009023,0.886466750522043,0.848794220411297,7,"163"
"101",0.0126176110343031,6.89652951913612,4.55278362802865,0.839609615458051,0.860947845912419,0.866025480860136,0.839609615458051,0.866025480860136,0.855527647410202,5,"165"
"102",0.0127081444805595,6.8957115253094,4.56437299063961,0.840660142337518,0.865413201312536,0.854200635812955,0.840660142337518,0.865413201312536,0.853424659821003,5,"36"
"103",0.0127239584077409,6.90567556174988,4.71441856013461,0.817060484912082,0.835029172457718,0.882331743100429,0.817060484912082,0.882331743100429,0.844807133490076,7,"106"
"104",0.0127378313622645,6.90207739322045,4.73134343845412,0.849286653747663,0.864353748456444,0.851546640687631,0.849286653747663,0.864353748456444,0.855062347630579,7,"96"
"105",0.0127491538058821,6.90244188413678,4.77984032634977,0.835563924615391,0.863786938067938,0.829823225041383,0.829823225041383,0.863786938067938,0.84305802924157,5,"46"
"106",0.0129224801635187,6.89104937653887,4.5835071148791,0.875401052704456,0.828587852592113,0.849131345411693,0.828587852592113,0.875401052704456,0.851040083569421,5,"95"
"107",0.0129772686629286,6.89477674394594,4.67501678428843,0.862871106530269,0.852108578554352,0.846049341619433,0.846049341619433,0.862871106530269,0.853676342234685,5,"57"
"108",0.0129836617808594,6.90199089922158,4.63552027010182,0.843152008990851,0.880678916705601,0.841076917954674,0.841076917954674,0.880678916705601,0.854969281217042,5,"64"
"109",0.0130636463301136,6.90013690264544,4.68262994532079,0.910293208595081,0.800950146387435,0.839135673240642,0.800950146387435,0.910293208595081,0.850126342741053,7,"189"
"110",0.013103058089716,6.89807435900507,4.59223760410467,0.868675729599514,0.824102036835075,0.842099482294785,0.824102036835075,0.868675729599514,0.844959082909791,5,"201"
"111",0.0131612472312891,6.90086018030375,4.67984820610173,0.830547044899133,0.885614262308891,0.866143164810635,0.830547044899133,0.885614262308891,0.860768157339553,5,"207"
"112",0.0131889347530771,6.89532466985866,4.61199676635915,0.836107822126718,0.890399013839274,0.862957498292366,0.836107822126718,0.890399013839274,0.863154778086119,5,"23"
"113",0.0131990251683399,6.90546865373943,4.70000863941377,0.87170792486684,0.816325186934356,0.867110039975707,0.816325186934356,0.87170792486684,0.851714383925634,5,"148"
"114",0.0132216398957509,6.90281928522738,4.68067092883755,0.859992913719536,0.87409713451297,0.852413195942515,0.852413195942515,0.87409713451297,0.86216774805834,5,"158"
"115",0.0132456844370757,6.90454128364116,4.6736683429106,0.871358161695081,0.859852751049553,0.842166852635147,0.842166852635147,0.871358161695081,0.857792588459927,5,"83"
"116",0.013506920400095,6.90747643328419,4.83801339419591,0.84356101230155,0.85686277845888,0.843836863400363,0.84356101230155,0.85686277845888,0.848086884720264,5,"74"
"117",0.0136194391677587,6.89933845453603,4.70589660794227,0.899207681942185,0.797091763734952,0.861456750253794,0.797091763734952,0.899207681942185,0.852585398643644,7,"100"
"118",0.0136260541065474,6.90385737529903,4.78648877961336,0.802782761857813,0.866129155594222,0.893127920101278,0.802782761857813,0.893127920101278,0.854013279184438,5,"109"
"119",0.0136277148072507,6.90700049429204,4.73375581041376,0.859153300268078,0.852730367342384,0.863698216194726,0.852730367342384,0.863698216194726,0.858527294601729,5,"77"
"120",0.0136587119032791,6.89951818183933,4.68190957151739,0.834535628745591,0.867067336282981,0.848839128488968,0.834535628745591,0.867067336282981,0.850147364505847,5,"52"
"121",0.0136731609096746,6.90313607437609,4.74694942554327,0.886586110072632,0.834652500214506,0.870502267837058,0.834652500214506,0.886586110072632,0.863913626041399,5,"102"
"122",0.0137035904241007,6.89828879079415,4.59589957478641,0.855016342719744,0.846327843591091,0.86052573899888,0.846327843591091,0.86052573899888,0.853956641769905,7,"156"
"123",0.0138377349811505,6.90245045857689,4.62009007558405,0.878596524560537,0.874152548337504,0.813951433440161,0.813951433440161,0.878596524560537,0.855566835446067,5,"191"
"124",0.0139605246374981,6.90246851697499,4.78008488314896,0.842972689709193,0.890884022713852,0.830176174813842,0.830176174813842,0.890884022713852,0.854677629078962,7,"58"
"125",0.0139630580046037,6.9011710973345,4.70639410990301,0.849550442093717,0.826460111458854,0.844441956208079,0.826460111458854,0.849550442093717,0.840150836586883,5,"234"
"126",0.0140158335615728,6.89916703725537,4.61810097453115,0.850187583705832,0.813767134437556,0.870165521382729,0.813767134437556,0.870165521382729,0.844706746508706,7,"98"
"127",0.0141499924940489,6.90147130601123,4.65745446319778,0.832650835919728,0.872716416984757,0.864191489270488,0.832650835919728,0.872716416984757,0.856519580724991,7,"178"
"128",0.014221188046562,6.90407777295942,4.68050194005251,0.890693230870196,0.848712155307458,0.853096387140116,0.848712155307458,0.890693230870196,0.86416725777259,5,"240"
"129",0.0146307307986837,6.90043147185403,4.71456566941721,0.831523161194262,0.855361609999184,0.845533847918281,0.831523161194262,0.855361609999184,0.844139539703909,5,"49"
"130",0.0146763116447822,6.90462901920737,4.79947301994788,0.88231792431954,0.828596928549396,0.851552331088747,0.828596928549396,0.88231792431954,0.854155727985894,7,"54"
"131",0.0147695817197055,6.89727144056192,4.67404967038146,0.816532917909134,0.850881800722345,0.91024367340604,0.816532917909134,0.91024367340604,0.859219464012506,5,"141"
"132",0.0149024791805644,6.9023118303199,4.6444364538896,0.826666864489907,0.881323093498406,0.867758539714227,0.826666864489907,0.881323093498406,0.858582832567513,5,"215"
"133",0.015072090228921,6.89311644791651,4.53357597927941,0.849581652932824,0.854265033142429,0.872229784709369,0.849581652932824,0.872229784709369,0.858692156928207,7,"82"
"134",0.0150741621264793,6.90518391180306,4.74112985769162,0.854514752717052,0.866321046572974,0.842722957526129,0.842722957526129,0.866321046572974,0.854519585605385,5,"154"
"135",0.0151252859203258,6.89782959060102,4.62859208152823,0.902374946436261,0.834103932967529,0.8240632401501,0.8240632401501,0.902374946436261,0.853514039851296,5,"162"
"136",0.0152653993856253,6.89891656618897,4.70245285305245,0.854162834580485,0.871268336151599,0.861711437813943,0.854162834580485,0.871268336151599,0.862380869515342,5,"180"
"137",0.0152813279141235,6.90523188330158,4.71726550446586,0.851535549359138,0.842949938227887,0.862362125402916,0.842949938227887,0.862362125402916,0.852282537663314,7,"145"
"138",0.015427900331141,6.90350419149457,4.73684817380624,0.86564414914616,0.88169136415088,0.824211607979918,0.824211607979918,0.88169136415088,0.857182373758986,5,"223"
"139",0.0154553898787209,6.90859136838827,4.83989152472171,0.869010728064187,0.843517910054182,0.866901933923165,0.843517910054182,0.869010728064187,0.859810190680511,5,"10"
"140",0.0156608967424651,6.90447470360051,4.71866141511491,0.870757801710488,0.842847472406062,0.853707083172188,0.842847472406062,0.870757801710488,0.855770785762913,5,"86"
"141",0.0156909373792402,6.8911389093658,4.55830395600878,0.864452174742161,0.856591799437241,0.859027352369671,0.856591799437241,0.864452174742161,0.860023775516358,5,"179"
"142",0.01572926046913,6.90474010197289,4.73739889830012,0.857363272507182,0.869954521303304,0.844985985927428,0.844985985927428,0.869954521303304,0.857434593245971,7,"84"
"143",0.0159167878642167,6.89937651366043,4.72028117455373,0.845211371071125,0.831271172860004,0.869362505764409,0.831271172860004,0.869362505764409,0.848615016565179,5,"61"
"144",0.0159517718013523,6.90489875601911,4.81293562159195,0.826592400475833,0.837248131731038,0.889629539272772,0.826592400475833,0.889629539272772,0.851156690493214,5,"119"
"145",0.0159580164659963,6.89670489577653,4.56471535812326,0.868970224839957,0.849494128229355,0.831721352987475,0.831721352987475,0.868970224839957,0.850061902018929,5,"202"
"146",0.0161345781523648,6.90176953760314,4.73933712412699,0.81605271906299,0.917105563166049,0.847292447550691,0.81605271906299,0.917105563166049,0.86015024325991,5,"114"
"147",0.0163326571915974,6.90370425407043,4.8026117716677,0.86388100978233,0.828051202770446,0.835048350916224,0.828051202770446,0.86388100978233,0.842326854489667,7,"50"
"148",0.0163597695058765,6.8945060932354,4.74626299384071,0.860047448520808,0.840235875675263,0.880933947606387,0.840235875675263,0.880933947606387,0.860405757267486,5,"81"
"149",0.0164260472404052,6.90460358271112,4.74975940092437,0.818950129429833,0.89827628695677,0.852455571181181,0.818950129429833,0.89827628695677,0.856560662522595,5,"121"
"150",0.0165352834227848,6.89702010860712,4.70276136301254,0.859918641028207,0.852854806488471,0.850948330202769,0.850948330202769,0.859918641028207,0.854573925906483,5,"20"
"151",0.0165845401974478,6.89908176355543,4.62959908953188,0.835672524593257,0.860203333884892,0.834668572544476,0.834668572544476,0.860203333884892,0.843514810340875,7,"7"
"152",0.0166099148979309,6.90231147334813,4.64072843297238,0.86170023243899,0.882340889176275,0.814273419099065,0.814273419099065,0.882340889176275,0.852771513571443,5,"28"
"153",0.0166243509404106,6.90882062982613,4.75814082056258,0.820188149472277,0.881980301596855,0.879391913041625,0.820188149472277,0.881980301596855,0.860520121370253,5,"241"
"154",0.0166803330222485,6.89479354031595,4.60102387263439,0.855789733451233,0.82934859554116,0.862818939767907,0.82934859554116,0.862818939767907,0.849319089586767,5,"117"
"155",0.0167527585962903,6.89846561316121,4.72456781537277,0.857358746799398,0.8331154791604,0.857103982461528,0.8331154791604,0.857358746799398,0.849192736140442,7,"123"
"156",0.0167761156072774,6.90110847367578,4.6887783531173,0.872945402270362,0.886690846649013,0.832552165775273,0.832552165775273,0.886690846649013,0.864062804898216,7,"134"
"157",0.0168346683212813,6.90731410214575,4.75087537100241,0.885715024163244,0.832454736967989,0.866423738601065,0.832454736967989,0.885715024163244,0.861531166577433,7,"200"
"158",0.0168711853499805,6.90378108330041,4.80207683755565,0.846416327870623,0.87627567242894,0.846718791473455,0.846416327870623,0.87627567242894,0.856470263924339,7,"192"
"159",0.0168773042415301,6.90346318259399,4.77747404243769,0.862392290384806,0.837791631424913,0.846260177971707,0.837791631424913,0.862392290384806,0.848814699927142,5,"6"
"160",0.0169343784370852,6.90944003092985,4.82161916465627,0.874717417167092,0.844271638839389,0.876760705981629,0.844271638839389,0.876760705981629,0.865249920662703,7,"4"
"161",0.0172148533771994,6.90494053219148,4.8065735072467,0.865245929182753,0.820345010738443,0.8751417959976,0.820345010738443,0.8751417959976,0.853577578639599,5,"212"
"162",0.0173407942596677,6.90421493239745,4.76842992117032,0.873238317890007,0.851410905045001,0.834135425434919,0.834135425434919,0.873238317890007,0.852928216123309,7,"132"
"163",0.017383221709869,6.89661650120788,4.6821076649979,0.836336988012595,0.875070587119641,0.856909294669442,0.836336988012595,0.875070587119641,0.856105623267226,5,"34"
"164",0.0173948438279675,6.90410504766103,4.7476530669625,0.866002679524579,0.830777412102491,0.855547763956599,0.830777412102491,0.866002679524579,0.850775951861223,5,"8"
"165",0.01779271171852,6.89670811149165,4.61213928686541,0.848665869812303,0.870262554007558,0.844171041996557,0.844171041996557,0.870262554007558,0.854366488605473,7,"2"
"166",0.0178433740658788,6.89591018552862,4.62783316724089,0.837750370618872,0.876814544995195,0.878280173282449,0.837750370618872,0.878280173282449,0.864281696298839,5,"187"
"167",0.0178679171850864,6.90296304744549,4.70118106316602,0.853886686692222,0.883432015982817,0.832553772713085,0.832553772713085,0.883432015982817,0.856624158462708,7,"227"
"168",0.0180406378622972,6.89120684751546,4.69590353180998,0.873503226198013,0.859713789110631,0.833861221151137,0.833861221151137,0.873503226198013,0.855692745486594,5,"143"
"169",0.0180447835544336,6.8985836819582,4.73380546442653,0.806289601896076,0.852059893869778,0.880018931918652,0.806289601896076,0.880018931918652,0.846122809228169,5,"79"
"170",0.0183854009462685,6.91096650151082,4.83715267737609,0.842397590532501,0.871080657804903,0.848147555953132,0.842397590532501,0.871080657804903,0.853875268096845,5,"164"
"171",0.0184853137954755,6.90103194227661,4.67983420766617,0.852448686853581,0.865972333416842,0.839769177948314,0.839769177948314,0.865972333416842,0.852730066072912,5,"181"
"172",0.0185450039199458,6.9037292369575,4.74657542827612,0.86170889929632,0.820649041610017,0.874569435769373,0.820649041610017,0.874569435769373,0.85230912555857,7,"166"
"173",0.018664855976681,6.89624306124336,4.55274568751346,0.872627797312081,0.827333537419828,0.848421666013891,0.827333537419828,0.872627797312081,0.8494610002486,5,"231"
"174",0.0188426158466717,6.90363000270123,4.80454171658393,0.901371383467734,0.867583425262837,0.802127641636388,0.802127641636388,0.901371383467734,0.857027483455653,5,"232"
"175",0.0188607055344808,6.90299795045083,4.73944482847943,0.874678963936711,0.7884181369607,0.877964032754794,0.7884181369607,0.877964032754794,0.847020377884068,5,"213"
"176",0.0188831785083738,6.9057665016114,4.83030697924354,0.850290232615062,0.862081573797308,0.878975649376835,0.850290232615062,0.878975649376835,0.863782485263068,7,"238"
"177",0.0190366866282124,6.89710854534975,4.59386017907455,0.833503132623237,0.833981416673684,0.857201574721366,0.833503132623237,0.857201574721366,0.841562041339429,5,"237"
"178",0.0190580422573382,6.90552446530726,4.66597714279336,0.83343672429215,0.849056799275751,0.880440058363085,0.83343672429215,0.880440058363085,0.854311193976995,7,"108"
"179",0.0191849428637841,6.89699348806376,4.52572546339358,0.839271948441553,0.855510455528679,0.858679429585659,0.839271948441553,0.858679429585659,0.85115394451863,7,"69"
"180",0.0194237568205084,6.89961817199326,4.58809111402257,0.848107036380169,0.835420682104493,0.860563655926364,0.835420682104493,0.860563655926364,0.848030458137009,7,"149"
"181",0.0195726527786836,6.88859795791358,4.70624479892736,0.885972958564062,0.851091016061447,0.856203799335936,0.851091016061447,0.885972958564062,0.864422591320482,5,"155"
"182",0.0196700603262062,6.90434810624511,4.71819732707541,0.856989749245266,0.836316851360296,0.86131885157612,0.836316851360296,0.86131885157612,0.851541817393894,5,"26"
"183",0.020289698302124,6.90444247001852,4.8114115072095,0.863748349729234,0.872196151716692,0.801784551445555,0.801784551445555,0.872196151716692,0.84590968429716,5,"72"
"184",0.0208941204373055,6.90375511024624,4.79474503921209,0.838664803344437,0.868388036582959,0.864328731819185,0.838664803344437,0.868388036582959,0.857127190582194,7,"235"
"185",0.0210323251414153,6.89878369269852,4.649103710255,0.872028785896833,0.833252865325372,0.837548789991459,0.833252865325372,0.872028785896833,0.847610147071222,7,"243"
"186",0.0210854866035118,6.90328927132904,4.73695442482274,0.866868857129402,0.841260632120158,0.855423453974994,0.841260632120158,0.866868857129402,0.854517647741518,5,"45"
"187",0.0211673235964159,6.90219154997036,4.73706436108698,0.852176211557156,0.861788268273812,0.863820339456381,0.852176211557156,0.863820339456381,0.859261606429116,5,"140"
"188",0.0213905994568953,6.89694949382965,4.6759645441236,0.863415743520257,0.837010648191035,0.815152899806262,0.815152899806262,0.863415743520257,0.838526430505851,7,"168"
"189",0.0215522213229318,6.90072842613803,4.66675102293255,0.858108085039408,0.835645355950182,0.873811903964802,0.835645355950182,0.873811903964802,0.855855114984797,5,"53"
"190",0.0221634427869624,6.901369268967,4.76410160057765,0.843612594645513,0.845217846473902,0.890182115149315,0.843612594645513,0.890182115149315,0.859670852089577,5,"129"
"191",0.0221961421446633,6.90345670351994,4.74315597150485,0.871169495978543,0.840029875653023,0.854146271400704,0.840029875653023,0.871169495978543,0.85511521434409,5,"35"
"192",0.0223398722585967,6.90412395211923,4.72010677492156,0.847535842562727,0.862294182746843,0.86203816970873,0.847535842562727,0.862294182746843,0.857289398339433,5,"224"
"193",0.0224232193761997,6.90213983287683,4.71513521083226,0.867141837729268,0.878211940699751,0.830437860977026,0.830437860977026,0.878211940699751,0.858597213135348,5,"183"
"194",0.0227579590366846,6.90302055982467,4.67780683077466,0.848766439263629,0.888259359825397,0.845402089122322,0.845402089122322,0.888259359825397,0.860809296070449,7,"184"
"195",0.02323402838125,6.90012612521895,4.59678236807948,0.828544212280079,0.876701671206986,0.875574366636256,0.828544212280079,0.876701671206986,0.860273416707774,7,"218"
"196",0.0238829807888123,6.8991451023522,4.67798121436898,0.85880282112627,0.851186494454332,0.850309838346217,0.850309838346217,0.85880282112627,0.85343305130894,5,"197"
"197",0.0241397659390729,6.89304266328094,4.6104107561159,0.83581571702933,0.842757947697457,0.857517106415478,0.83581571702933,0.857517106415478,0.845363590380755,5,"122"
"198",0.0241805934326541,6.89657529866455,4.62038646481082,0.857963911035936,0.838285036797451,0.84386700126869,0.838285036797451,0.857963911035936,0.846705316367359,5,"21"
"199",0.0246361752735129,6.90836704388803,4.76772472734691,0.847683403017575,0.828411970716719,0.851822705455611,0.828411970716719,0.851822705455611,0.842639359729969,7,"159"
"200",0.024654117517517,6.89520829474746,4.5139000785457,0.861611757871974,0.869966458597681,0.838768978654316,0.838768978654316,0.869966458597681,0.856782398374657,7,"115"
"201",0.0246897660333235,6.88895283350057,4.70158789775945,0.882012739519202,0.80255254125796,0.870861536755102,0.80255254125796,0.882012739519202,0.851808939177421,5,"236"
"202",0.0247302612494822,6.90044257315184,4.7039141542689,0.840469130320761,0.862912290652962,0.859235792980229,0.840469130320761,0.862912290652962,0.854205737984651,7,"199"
"203",0.0250207468625341,6.89707896123782,4.75975136786997,0.855546713342372,0.832886209162044,0.870312345806642,0.832886209162044,0.870312345806642,0.852915089437019,5,"169"
"204",0.0251296234276047,6.90630148426794,4.74271950042391,0.860358454089284,0.842275319573313,0.85858513183981,0.842275319573313,0.860358454089284,0.853739635167469,5,"138"
"205",0.0251727558466754,6.90255198495738,4.62127807260075,0.847778027558177,0.878098733408448,0.821874502757554,0.821874502757554,0.878098733408448,0.849250421241393,5,"211"
"206",0.0256784047448612,6.90723583420736,4.76799616668028,0.845072516174213,0.886385939083922,0.856298284822922,0.845072516174213,0.886385939083922,0.862585580027019,5,"217"
"207",0.0258145101850579,6.89430991458608,4.52780200127135,0.842000803497469,0.854326063674906,0.874553760318577,0.842000803497469,0.874553760318577,0.856960209163651,7,"190"
"208",0.0265319299785513,6.90934476581164,4.76033291732509,0.831565272385607,0.904848400716061,0.835381790267955,0.831565272385607,0.904848400716061,0.857265154456541,7,"245"
"209",0.0270720314007979,6.90346312412925,4.76552532182727,0.853607389723541,0.9106564483347,0.812908333836667,0.812908333836667,0.9106564483347,0.859057390631636,7,"193"
"210",0.0272760053067352,6.8986895246954,4.60568267433491,0.867823416415899,0.833938527660311,0.855995802730852,0.833938527660311,0.867823416415899,0.852585915602354,5,"56"
"211",0.0272893845369461,6.89628632042143,4.58478850061631,0.87055066217456,0.850792555537857,0.859030085005357,0.850792555537857,0.87055066217456,0.860124434239258,5,"153"
"212",0.0274296765420096,6.90665786382734,4.74207759680244,0.846450768957484,0.83706586459663,0.867397989224482,0.83706586459663,0.867397989224482,0.850304874259532,5,"175"
"213",0.0275496589980975,6.89955621994957,4.67141466684094,0.836632728490989,0.857224036119422,0.855867716619203,0.836632728490989,0.857224036119422,0.849908160409871,7,"31"
"214",0.0277214361787479,6.90166483339468,4.72153707613154,0.808509711703024,0.886405797794647,0.844952002779486,0.808509711703024,0.886405797794647,0.846622504092386,5,"136"
"215",0.0282705261363691,6.89447841914902,4.69849202155549,0.833822144384655,0.876612500599612,0.86206100118037,0.833822144384655,0.876612500599612,0.857498548721546,5,"219"
"216",0.028429912383902,6.90564205725833,4.78560627438849,0.865044333958287,0.808258053725435,0.893317438234694,0.808258053725435,0.893317438234694,0.855539941972805,5,"91"
"217",0.0284778945269472,6.89639516666324,4.57120990730405,0.863052681001286,0.851027185548504,0.847404111386647,0.847404111386647,0.863052681001286,0.853827992645479,7,"65"
"218",0.0287810179488835,6.90443470919128,4.80422407402494,0.807373455509548,0.85768155918316,0.881387155392065,0.807373455509548,0.881387155392065,0.848814056694924,5,"19"
"219",0.0289704029366429,6.89832479079443,4.55203381220932,0.848912806364435,0.848855800362601,0.863066568074022,0.848855800362601,0.863066568074022,0.853611724933686,7,"133"
"220",0.029025663195128,6.91166575039367,4.83814572005288,0.877575379608855,0.820706675741617,0.844832463035268,0.820706675741617,0.877575379608855,0.847704839461913,7,"1"
"221",0.0291799495588466,6.89541439745386,4.68305798442024,0.889476973165708,0.825390852820706,0.836916536337208,0.825390852820706,0.889476973165708,0.850594787441207,5,"250"
"222",0.0292212780124688,6.8941192036186,4.59525470490054,0.859241471952337,0.857002345898681,0.843553187161811,0.843553187161811,0.859241471952337,0.85326566833761,5,"18"
"223",0.029809411993373,6.90534613142632,4.76399666102963,0.860389450281389,0.853682555524496,0.845555316650827,0.845555316650827,0.860389450281389,0.853209107485571,5,"209"
"224",0.0301176889730739,6.89708212370387,4.6164430598527,0.826593850769814,0.874269377354937,0.835814641523159,0.826593850769814,0.874269377354937,0.845559289882636,5,"51"
"225",0.0302672032495351,6.89443529844509,4.58273096781693,0.858011281219625,0.853731383388269,0.844786183790835,0.844786183790835,0.858011281219625,0.852176282799576,7,"208"
"226",0.0310706872733479,6.89517602777248,4.72934636892199,0.811610466333256,0.89819455598715,0.843897625795307,0.811610466333256,0.89819455598715,0.851234216038571,5,"221"
"227",0.0314181009315262,6.89912108890937,4.61682946846104,0.875100462941904,0.847662912639526,0.856395570171341,0.847662912639526,0.875100462941904,0.859719648584257,5,"70"
"228",0.0315183976457981,6.89305178899079,4.69128813992234,0.863309353310776,0.811665700520974,0.87890847262053,0.811665700520974,0.87890847262053,0.851294508817427,7,"247"
"229",0.032954334604502,6.89515615083189,4.6572115223478,0.847702636164063,0.861605535896575,0.856236364324786,0.847702636164063,0.861605535896575,0.855181512128474,5,"78"
"230",0.0331546693720731,6.90680175196998,4.77223972135744,0.871105680380579,0.848602496301025,0.852268574192877,0.848602496301025,0.871105680380579,0.857325583624827,5,"220"
"231",0.0331647955034482,6.89936798179744,4.75480733187632,0.839045095760732,0.827625387286547,0.861437053784486,0.827625387286547,0.861437053784486,0.842702512277255,5,"152"
"232",0.0338365296967325,6.90814442202718,4.81855494256432,0.861117415667972,0.872554617853446,0.839600945431342,0.839600945431342,0.872554617853446,0.85775765965092,5,"94"
"233",0.0350685409804316,6.90015887903127,4.65072437782109,0.849204617470044,0.84784459167102,0.834688714981517,0.834688714981517,0.849204617470044,0.843912641374194,7,"177"
"234",0.0353137763331591,6.89866162735194,4.58559296522013,0.870090951135488,0.854925241372109,0.862529726572008,0.854925241372109,0.870090951135488,0.862515306359868,7,"42"
"235",0.0353454291412613,6.90344406818225,4.68732247297674,0.875232161038251,0.804399414618785,0.857996809821432,0.804399414618785,0.875232161038251,0.845876128492823,7,"214"
"236",0.0359983347334168,6.89404900632784,4.73582504926839,0.851639770193163,0.859098702374666,0.824563803417009,0.824563803417009,0.859098702374666,0.845100758661613,5,"99"
"237",0.0365426477832371,6.90303880669206,4.72314189285151,0.866231639023473,0.84408333152049,0.858497971851708,0.84408333152049,0.866231639023473,0.856270980798557,5,"5"
"238",0.0369165966666633,6.91324529645395,4.97448074866334,0.88044225864901,0.852500176971755,0.855479158502522,0.852500176971755,0.88044225864901,0.862807198041096,5,"111"
"239",0.0374680354789696,6.90068659096937,4.75857313236377,0.839657216520676,0.870167330636997,0.820579167343625,0.820579167343625,0.870167330636997,0.843467904833766,5,"32"
"240",0.0377898816463477,6.90541773626938,4.76380665153254,0.876445308998289,0.834959490105714,0.856648029455652,0.834959490105714,0.876445308998289,0.856017609519885,7,"67"
"241",0.0394427487536655,6.90017503582554,4.68592644053034,0.879855742804712,0.85936978899538,0.835132146659525,0.835132146659525,0.879855742804712,0.858119226153206,7,"63"
"242",0.0401258189215043,6.90441563885782,4.83839960359164,0.833434513478289,0.881187469280027,0.853795749405711,0.833434513478289,0.881187469280027,0.856139244054676,5,"104"
"243",0.0402116479484461,6.90046850037978,4.6471053491244,0.866005279532752,0.858477392076762,0.856776668440592,0.856776668440592,0.866005279532752,0.860419780016702,7,"204"
"244",0.0406524623856395,6.9026962737757,4.62468251322259,0.856259487389608,0.844085773726047,0.866967629019103,0.844085773726047,0.866967629019103,0.855770963378253,5,"171"
"245",0.0415040895179345,6.90146919403011,4.67599986873118,0.865776711099998,0.868430033075267,0.822066793698235,0.822066793698235,0.868430033075267,0.852091179291167,5,"113"
"246",0.0431956908246425,6.89547245882751,4.73019743921004,0.858725286145088,0.834807646319104,0.86670236142923,0.834807646319104,0.86670236142923,0.853411764631141,5,"90"
"247",0.046513323516348,6.90583504829577,4.76956182241758,0.898978239828094,0.819930520862338,0.841862597364725,0.819930520862338,0.898978239828094,0.853590452685052,5,"185"
"248",0.0485594375227208,6.90379199161876,4.66346219828408,0.905485200742614,0.789066912962025,0.876820218973669,0.789066912962025,0.905485200742614,0.857124110892769,7,"139"
"249",0.0504316451740387,6.89889487200314,4.70827335829198,0.877494315019615,0.854813178130606,0.833334085672841,0.833334085672841,0.877494315019615,0.855213859607687,5,"230"
"250",0.0669443417720861,6.89631990845257,4.65593121570236,0.864685393303124,0.845665558971744,0.852373870481425,0.845665558971744,0.864685393303124,0.854241607585431,7,"135"
